bids_name,cjv,cnr,efc,fber,fwhm_avg,fwhm_x,fwhm_y,fwhm_z,icvs_csf,icvs_gm,icvs_wm,inu_med,inu_range,qi_1,qi_2,rpve_csf,rpve_gm,rpve_wm,size_x,size_y,size_z,snr_csf,snr_gm,snr_total,snr_wm,snrd_csf,snrd_gm,snrd_total,snrd_wm,spacing_x,spacing_y,spacing_z,summary_bg_k,summary_bg_mad,summary_bg_mean,summary_bg_median,summary_bg_n,summary_bg_p05,summary_bg_p95,summary_bg_stdv,summary_csf_k,summary_csf_mad,summary_csf_mean,summary_csf_median,summary_csf_n,summary_csf_p05,summary_csf_p95,summary_csf_stdv,summary_gm_k,summary_gm_mad,summary_gm_mean,summary_gm_median,summary_gm_n,summary_gm_p05,summary_gm_p95,summary_gm_stdv,summary_wm_k,summary_wm_mad,summary_wm_mean,summary_wm_median,summary_wm_n,summary_wm_p05,summary_wm_p95,summary_wm_stdv,tpm_overlap_csf,tpm_overlap_gm,tpm_overlap_wm,wm2max,mask,position,reconstruction,subject,dcte_csf,dcte_gm,dcte_wm,dcte
sub-001_acq-down_rec-steva50p_T1w,3.3138685714285714,0.4052097073158988,0.4335,3888.9721,5.32544,4.84263,5.86967,5.26402,0.2343838420587504,0.3658984811032201,0.3997176768380295,0.2450405359268188,0.1302659064531326,0.0,0.0004525921153593,8.978397679281773,8.775902219279871,8.818700748528986,240,240,240,3.219728502589792,13.369208357421218,14.867502640597507,28.01357106178151,36.7254243446198,48.26349215342416,44.99028142752221,49.98192778452268,1.0,1.0,1.0,57.1989,13.3434,16.3877,9.0,4481348.0,0.0,58.0,27.0897,0.637,125.001,710.6699,748.0,357699.0410678545,240.0,1046.0,232.3174,0.8767,83.3648,979.2241,983.0,558406.8196390419,849.0,1092.0,73.5271,1.849,32.6206,1017.8194,1018.0,610019.1397451145,960.0,1077.0,36.3395,0.2095310106461311,0.5019363017098617,0.4937933205768093,0.8817006044516822,brain,down,50p,sub-001,48.79980367752657,27.54525615343841,11.724280399825778,2.4715803776400813
sub-001_acq-down_rec-steva75p_T1w,3.465078787878788,0.3885997586586763,0.4336,3839.5727,5.521069999999999,5.00404,6.05719,5.50198,0.2316962274167373,0.3687492790555943,0.3995544935276683,0.246251568198204,0.1345727987587451,0.0,0.0004847688089237,9.004059438401109,8.797768939196862,8.840245573091304,240,240,240,3.3136927087178685,13.855756495340266,15.158952254552892,28.307407559600534,42.3655755766896,54.84878298259813,51.29530358829084,56.67155220558478,1.0,1.0,1.0,65.0636,11.8608,16.3732,8.0,4500207.0,0.0,57.0,27.5974,0.8168,120.4094,728.883,767.0,352574.00295840204,253.0,1059.0,231.4635,0.78,82.2089,989.847,993.0,561128.7281376941,864.0,1101.0,71.6669,1.9385,32.1387,1026.1025,1026.0,608005.2694586541,968.0,1085.0,36.2449,0.213119374949031,0.5069744266029861,0.4975828199346988,0.8835691879715069,brain,down,75p,sub-001,52.39176865294949,29.52282858161264,12.58869349960117,2.514746506100753
sub-001_acq-down_rec-steva95p_T1w,3.4756000000000005,0.3762761657415867,0.4318,3659.643,6.341146666666667,5.81268,6.8149,6.39586,0.2287964393848518,0.3767583007208891,0.394445259894259,0.2404507249593734,0.1311862803995609,0.0,0.0005757309986145,9.23397953457959,9.017223811120246,9.060190526786409,240,240,240,3.765254854022365,15.11240873489134,15.626600940961676,28.00213923397132,42.641752731687575,53.02601375961149,50.09853591663295,54.62784125859976,1.0,1.0,1.0,89.3602,11.8608,14.8452,8.0,4502036.0,0.0,51.0,25.6369,1.4534,102.7853,741.2953,772.0,339432.3305640412,325.0,1031.0,205.0323,0.9089,70.8585,959.9101,960.0,558942.0378082431,852.0,1061.0,63.5239,2.7658,29.9339,989.0702,989.0,585181.632222165,932.0,1046.0,35.3187,0.2167127135394182,0.5197584055765037,0.5047063931488109,0.8829831580465972,brain,down,95p,sub-001,41.61136388500397,24.18278069048913,10.36496009060434,1.99347360538915
sub-001_acq-down_rec-stevafull_T1w,3.314191176470588,0.4028699693630755,0.4331,4059.1601,5.339893333333333,4.87366,5.90016,5.24586,0.2329826753168417,0.3653245449656251,0.4016927797175331,0.2467099577188491,0.1322548128664493,0.0,0.0004578833748566,8.969193025213016,8.768090628846982,8.81062432536031,240,240,240,3.2120446276702066,13.499673701837516,15.115485962448654,28.634739557838245,40.81898350870093,53.63360350060704,49.98806505463375,55.51160815459328,1.0,1.0,1.0,59.2607,11.8608,16.1169,8.0,4492902.0,0.0,57.0,26.7775,0.5767,123.616,700.679,739.0,355953.26128671365,234.0,1032.0,230.0712,0.9369,81.0572,966.8745,971.0,558146.4932178105,839.0,1077.0,71.9276,1.6216,31.6253,1005.3776,1005.0,613710.2459714328,949.0,1062.0,35.0972,0.2114752236686279,0.5001147626154552,0.4943494524980415,0.8830358770598543,brain,down,full,sub-001,48.92334138095266,27.8459023700085,11.863429000435278,2.549106399779604
sub-001_acq-left_rec-steva50p_T1w,3.0348351351351357,0.4311969509888733,0.4327,4068.0479,5.31247,4.83959,5.83652,5.2613,0.234294495935815,0.3652601374922821,0.4004453665719029,0.2445919513702392,0.128964178264141,0.0,0.000454063841987,8.980301452604046,8.779738271894649,8.822792236397127,240,240,240,3.203969146595601,13.217322396203096,14.773255695135168,27.898475542606807,40.43233549170376,53.41266177660866,49.76712333063536,55.45637272359369,1.0,1.0,1.0,54.5888,11.8608,16.0682,8.0,4495875.0,0.0,57.0,26.744,0.5727,125.6496,696.438,732.0,357504.8169849254,238.0,1029.0,228.4663,1.1657,79.7111,963.7888,967.0,557342.408256317,835.0,1076.0,73.1615,1.6611,32.5778,1003.7802,1004.0,611030.7752511973,946.0,1062.0,35.9876,0.2109151392519763,0.5011760909575612,0.4945571632149844,0.8825895527196435,brain,left,50p,sub-001,48.475011024186,28.42683865215613,12.070848386485938,2.544496414227347
sub-001_acq-left_rec-steva75p_T1w,3.428567647058824,0.3949074358757081,0.4326,4138.7778,5.4942866666666665,4.97603,6.03214,5.47469,0.2322621085339264,0.3673982605460284,0.4003396309200451,0.2438052147626876,0.1301854602992534,0.0,0.0004337278933916,8.981925708195524,8.777440937179353,8.819764596065177,240,240,240,3.2189517060635424,13.433244003543782,14.798389911136688,27.742974023802734,41.26086695669769,54.29642867260219,50.5772429852961,56.17443332658843,1.0,1.0,1.0,64.329,11.8608,15.8584,8.0,4504530.0,0.0,56.0,26.7194,0.6049,126.7461,710.19,747.0,354355.7957416433,244.0,1046.0,232.0628,0.8745,83.7081,979.4314,983.0,560529.2391068891,851.0,1092.0,73.1766,1.9099,32.8632,1017.419,1017.0,610786.9655409872,959.0,1077.0,36.6579,0.2123417132894861,0.5044589766810403,0.4965646794927384,0.8810062744012735,brain,left,75p,sub-001,54.59193872936244,32.0288672016787,13.621874334952505,2.738739677148351
sub-001_acq-left_rec-steva95p_T1w,3.0756911764705883,0.4195968407894819,0.4278,3883.6535,6.358996666666667,5.76448,6.86566,6.44685,0.234180740020459,0.3723611195264185,0.3934581404531225,0.2275345027446746,0.1186000436544418,0.0,0.0005061582604961,9.221253918095844,9.013001808799398,9.056229231382696,240,240,240,3.640436111804304,14.448435057959651,15.326343014824308,27.89015787470897,42.641752731687575,54.35166410360178,51.074361864292456,56.229668757588016,1.0,1.0,1.0,79.8269,11.8608,14.4002,8.0,4510918.0,0.0,49.0,24.4015,1.1818,116.0398,741.9589,772.0,348007.80156587344,323.0,1049.0,212.0622,1.3123,72.7887,983.365,984.0,553352.8273233541,867.0,1091.0,68.1042,2.8321,31.7848,1018.189,1018.0,584704.3717400728,960.0,1076.0,36.5003,0.2076100833833967,0.5141288104438719,0.5007108888841955,0.8862654984781325,brain,left,95p,sub-001,44.53191681948345,26.844384471742,11.471492039674786,2.195444126530709
sub-001_acq-left_rec-stevafull_T1w,3.0892111111111107,0.4252755973831139,0.4315,4270.948,5.350383333333333,4.89067,5.91855,5.24193,0.2346530198476818,0.3641383505323139,0.4012086296200042,0.2432520389556884,0.1276494860649108,0.0,0.0004591254171121,8.978788019574061,8.777894781313023,8.819915115116281,240,240,240,3.2105022505781378,13.462550757686175,15.058913434695052,28.503687295820843,40.65327721570215,53.74407436260623,50.04330048563335,55.73254987859166,1.0,1.0,1.0,56.71,11.8608,15.8681,8.0,4504467.0,0.0,56.0,26.2508,0.5314,127.5676,698.6234,736.0,358182.1131648114,239.0,1032.0,229.2473,1.0726,78.9998,969.6379,973.0,555832.7950037739,841.0,1080.0,72.2745,1.326,32.2118,1009.1261,1009.0,612418.0923413372,952.0,1066.0,35.3989,0.208059651278425,0.4976787954609164,0.4922562784020954,0.8858564503074597,brain,left,full,sub-001,47.05803792719532,27.858518011556573,11.849486780665323,2.555752318441308
sub-001_acq-right_rec-steva50p_T1w,3.158988888888889,0.4137193090921303,0.4323,4079.3627,5.347786666666667,4.85389,5.88531,5.30416,0.2346564603733164,0.3666402861699838,0.3987032534566999,0.2402477264404297,0.1271799750626087,0.0,0.0004434497184984,8.988188484094454,8.78585480946962,8.828936543149958,240,240,240,3.225545268108882,13.37786921418591,14.80706662693316,27.81778539850469,41.64751497369486,54.62784125859976,50.96389100229326,56.61631677458518,1.0,1.0,1.0,60.7225,11.8608,16.2893,8.0,4496221.0,0.0,58.0,27.3616,0.6801,125.6588,716.5943,754.0,357722.51044459594,242.0,1054.0,233.7586,1.0425,80.8923,986.1213,989.0,558925.5177129819,856.0,1100.0,73.928,1.9632,32.8313,1025.2868,1025.0,607803.9723349424,966.0,1085.0,36.8469,0.2103925609353246,0.5041223459690695,0.4960585663128661,0.8816812441423009,brain,right,50p,sub-001,51.76261751210311,29.238724921393644,12.563391203194936,2.637559849385831
sub-001_acq-right_rec-steva75p_T1w,3.2409470588235294,0.4054544217928405,0.4314,4123.7483,5.6223600000000005,5.06717,6.16342,5.63649,0.2343394281482064,0.3676424438332937,0.3980181280184997,0.2393843680620193,0.1271153688430786,0.0,0.0005020741422234,9.02066804133244,8.815619546936288,8.857820245872846,240,240,240,3.319094216334301,13.751983491094936,14.97117511712611,27.8424476439491,41.205631525698095,53.854545224605424,50.26424220963173,55.73254987859166,1.0,1.0,1.0,63.4819,11.8608,15.6095,8.0,4496273.0,0.0,55.0,26.3053,0.7659,123.7529,711.5964,746.0,355999.3201209004,259.0,1037.0,224.7598,1.1133,78.0283,972.3203,975.0,558508.06279797,848.0,1082.0,70.8988,1.8821,32.1639,1009.5875,1009.0,604653.6175754676,951.0,1068.0,36.2396,0.2105597869727888,0.5049194854559068,0.4956361313582015,0.8844158694632491,brain,right,75p,sub-001,48.707888084901136,27.60005311705634,11.888027217311048,2.376486843327027
sub-001_acq-right_rec-steva95p_T1w,4.302816,0.3191639762965343,0.4332,3412.4762,6.653886666666668,6.24221,7.03285,6.6866,0.2288446989883576,0.3804879379371388,0.3906673630745036,0.2436737120151519,0.1349238902330398,0.0,0.0005767607908131,9.359716875312715,9.138804875825024,9.18465685295431,240,240,240,4.1023974902659,15.506452563994088,15.909787519989475,28.120512505708444,45.18258255766896,54.84878298259813,52.08701143261837,56.229668757588016,1.0,1.0,1.0,90.8113,11.8608,15.4525,8.0,4488545.0,0.0,52.0,26.9102,1.944,96.1777,790.7012,818.0,334777.139158817,393.0,1072.0,199.3953,0.2672,77.6403,993.5877,993.0,556616.1851689349,886.0,1096.0,64.0378,3.5957,29.9301,1018.7289,1018.0,571507.6763891082,961.0,1077.0,36.2013,0.2193106015140032,0.5257192975141574,0.5077231687158456,0.878534960900289,brain,right,95p,sub-001,40.84038083921288,23.878135820298475,10.331116682649826,2.0103642674923248
sub-001_acq-right_rec-stevafull_T1w,3.158625,0.4171854431116323,0.4323,4116.055,5.283613333333333,4.80417,5.84969,5.19698,0.2342620027918175,0.3656187217767232,0.4001192754314593,0.2427538335323333,0.128873199224472,0.0,0.0004373693214673,8.970761160036675,8.769116958071079,8.811849609214702,240,240,240,3.194414577293712,13.349996417315896,14.856727239343678,28.025770723421434,41.095160663698906,54.18595781060299,50.48518393363011,56.17443332658843,1.0,1.0,1.0,56.3788,11.8608,16.3109,8.0,4494412.0,0.0,58.0,27.0152,0.5533,127.0359,706.4039,744.0,357837.7862734562,237.0,1044.0,232.9062,1.0297,80.9262,977.4326,981.0,558486.619517978,847.0,1090.0,73.4831,1.8408,32.7843,1017.0699,1017.0,611186.5947503702,958.0,1075.0,36.288,0.2101956282716178,0.5004899924980465,0.4937936707903805,0.883680253103148,brain,right,full,sub-001,47.67505411369224,27.15811112128941,11.677417713274814,2.5451449446023258
sub-001_acq-up_rec-steva50p_T1w,3.171883333333333,0.4183360773084163,0.4321,4063.5938,5.313476666666666,4.82657,5.84952,5.26434,0.2351860226996101,0.364898874230648,0.3999151030697417,0.2419199794530868,0.1265147998929023,0.0,0.0004640504823891,8.979286166366782,8.778225848088722,8.821035622106681,240,240,240,3.1970323200959903,13.214517591901355,14.768664332268491,27.89444308480813,40.54280635370295,53.68883893160664,49.96965324430055,55.67731444759206,1.0,1.0,1.0,57.3525,11.8608,15.8608,8.0,4504649.0,0.0,56.0,26.2541,0.5741,127.2792,698.3332,734.0,358922.0930941943,238.0,1033.0,229.5876,1.0443,81.562,968.335,972.0,556879.4701454699,838.0,1081.0,73.5554,1.5174,32.6258,1007.9961,1008.0,610318.4373210206,950.0,1066.0,36.1362,0.2078039284231423,0.5008400380234054,0.4940001004428664,0.8818641778610681,brain,up,50p,sub-001,52.29780468647108,28.63445290249194,12.245680887312728,2.533975642423621
sub-001_acq-up_rec-steva75p_T1w,3.0283027027027027,0.4325271523004744,0.4297,4360.9084,5.5538566666666656,5.03079,6.09049,5.54029,0.2345541513727637,0.3653456817542586,0.4001001668729775,0.2345322072505951,0.1228828705847263,0.0,0.0004379811023413,9.007901419157012,8.807312658281834,8.84992225589751,240,240,240,3.2517643051917475,13.356319336942004,14.908420264417613,28.117177151119083,40.98468980169972,54.0202515176042,50.35630126129772,56.06396246458924,1.0,1.0,1.0,61.1153,11.8608,15.2421,8.0,4497552.0,0.0,54.0,25.5518,0.6504,126.3999,706.5965,742.0,356845.5258129211,250.0,1039.0,228.1835,1.0827,79.4609,975.2276,978.0,555828.8827806151,846.0,1088.0,73.2237,1.6022,32.5863,1014.8509,1015.0,608703.5918572275,957.0,1073.0,36.0989,0.2108996482826535,0.5012570440670568,0.4938758026679479,0.8846084790441837,brain,up,75p,sub-001,49.366385407057415,27.091158614088386,11.603379407804224,2.28271856524048
sub-001_acq-up_rec-steva95p_T1w,3.931785185185185,0.340358579775295,0.4324,3492.2788,6.452176666666666,5.90366,6.9081,6.54477,0.2260355454936739,0.3798404615826286,0.3941239929236974,0.2404115796089172,0.1320183843374252,0.0,0.0005246072614331,9.326678066170452,9.10565516086575,9.15010513833281,240,240,240,3.934249591891592,15.2077774345615,15.521353284227382,27.422032826229053,44.57499281667341,54.57260582760016,51.7371870362876,56.06396246458924,1.0,1.0,1.0,93.4602,11.8608,15.5072,8.0,4489789.0,0.0,53.0,26.4998,1.8215,97.4573,778.1922,807.0,331890.93002868583,365.0,1065.0,205.1214,0.6736,75.2722,988.3329,988.0,557724.6878664583,879.0,1092.0,64.9667,3.6535,30.886,1016.0408,1015.0,578697.3826279284,957.0,1076.0,37.014,0.2250822177648097,0.5217022236762282,0.5062390037741833,0.8819098119003665,brain,up,95p,sub-001,46.48903264320965,26.407978979075537,11.374301543070835,2.1730043901750533
sub-001_acq-up_rec-stevafull_T1w,3.4682852941176474,0.3914279880699832,0.4354,3800.0971,5.2594433333333335,4.77955,5.83175,5.16703,0.2319330010313885,0.3670546976904678,0.4010123012781436,0.2556219696998596,0.1394103810191154,0.0,0.000447217376245,8.95548634803819,8.75130593298186,8.793953492187487,240,240,240,3.182508638741297,13.437929179968044,14.90829115947116,28.104435659704137,37.06911147083951,48.60717927964386,45.3176025001124,50.276516749853855,1.0,1.0,1.0,59.0822,13.3434,17.0129,9.0,4488184.0,0.0,60.0,28.1034,0.6106,124.5726,715.8606,755.0,354844.27152350405,230.0,1056.0,237.2339,0.7874,85.2459,985.961,990.0,561572.7655489057,855.0,1099.0,73.672,1.4596,32.6758,1023.9977,1024.0,613525.9634731718,965.0,1083.0,36.4355,0.2131328927709314,0.5033939767225174,0.4956723829217351,0.8803303667219938,brain,up,full,sub-001,49.11407725123384,27.109391432341656,11.596539049050616,2.4885867290286128
sub-001_rec-stevaFull_T1w,2.8810135135135133,0.4527239261750057,0.4242,5894.3377,5.878366666666667,5.23074,6.64935,5.75501,0.2330562917711366,0.35629675735123,0.4106469508776333,0.2205363512039184,0.1114211603999137,0.0,0.000388204422841,8.969243765539758,8.77925465184262,8.818563675664524,240,240,240,3.1288272995901467,13.814413068782992,16.189687602326433,31.625822438606168,44.22897710008729,59.80341745445091,55.36226844715191,62.05441078691752,1.0,1.0,1.0,64.7287,10.7686,14.2299,8.0,4503039.0,0.0,48.0,23.9958,0.2567,140.17,687.052,727.0,356400.4020374771,227.0,1028.0,232.3551,1.1527,75.7514,977.3493,983.0,544865.3911018525,848.0,1083.0,71.1575,0.6965,30.8461,1020.4468,1020.0,627980.2071680361,969.0,1072.0,32.2521,0.2042302330575188,0.4836183171422548,0.4877631527752375,0.900731140429718,brain,none,woBin,sub-001,49.72466719172159,27.303948083542856,11.711751626661693,2.149773656367421
sub-002_acq-down_rec-steva50p_T1w,2.5583850000000004,0.4878763795582446,0.4152,6221.2656,4.7938133333333335,4.57068,5.00896,4.8018,0.2242751622080451,0.3648408802641473,0.4108839575278075,0.2520377933979034,0.1214991465210914,0.0,0.0002593976194483,9.844899805261102,9.654686290286207,9.697521110680263,240,240,240,3.035451840769224,13.016859114189312,15.058650763350348,29.123641335092508,44.81960686824305,59.149255824709485,55.21438893064308,61.6743040989767,1.0,1.0,1.0,28.5457,10.3782,12.8312,7.0,4607671.0,0.0,49.0,20.3723,0.3784,116.6232,670.9425,710.0,312376.5014644796,176.0,1000.0,233.9022,1.5957,71.5301,932.7798,937.0,508160.2289174366,805.0,1043.0,71.9835,0.8475,30.8053,977.3434,977.0,572290.2701162874,923.0,1031.0,33.5466,0.2215480174422817,0.4937253757362414,0.4977864950300286,0.8928943618792025,brain,down,50p,sub-002,49.51691369302921,25.43114537052619,10.21287429991184,2.2297060407102207
sub-002_acq-down_rec-steva75p_T1w,2.4171142857142858,0.5072107730706932,0.4126,6341.7801,5.06959,4.81453,5.27998,5.11426,0.2256984952272971,0.3656755184888402,0.4086259862838626,0.2394611537456512,0.1134344607591628,0.0,0.0002536286620986,9.86673519370973,9.675304748898958,9.717569620764788,240,240,240,3.0778953449536024,13.14560193925319,15.029546468289098,28.865142120660497,45.64024755737989,60.285527548129735,56.287534447206646,62.9368282361103,1.0,1.0,1.0,27.6479,10.3782,12.5624,7.0,4602670.0,0.0,47.0,19.6493,0.3389,122.0504,683.1135,723.0,313717.29728844017,194.0,1016.0,234.9004,1.6137,69.93,951.7229,955.0,508283.12005065306,823.0,1064.0,72.6478,0.5475,31.5888,996.9825,997.0,567983.583096979,941.0,1053.0,34.5399,0.2172190708520657,0.494423352465574,0.4965557512551322,0.8958754167024663,brain,down,75p,sub-002,46.12426376588864,23.79323668280859,9.60021887842493,2.0011250152208584
sub-002_acq-down_rec-steva95p_T1w,2.851347222222222,0.4482149655785752,0.4149,4046.1468,6.108246666666666,5.92514,6.25525,6.14435,0.2307020249394771,0.3711897805010503,0.3981081945594725,0.2415819764137268,0.1105165109038353,0.0,0.0001283174485967,10.142089377256246,9.940189050946174,9.984000610054396,240,240,240,3.612208648573768,13.729634455903218,15.038204286949552,27.77276975637168,46.9027716945135,60.285527548129735,56.58212341253782,62.55807099497023,1.0,1.0,1.0,23.8973,10.3782,12.8707,7.0,4634802.0,0.0,44.0,18.4282,0.8636,112.4207,714.2598,743.0,311958.0466320347,312.0,1014.0,205.691,1.1783,71.4716,954.0884,955.0,501927.2756069628,835.0,1065.0,69.5575,1.2743,31.1769,991.2888,991.0,538326.6781275983,934.0,1049.0,35.6824,0.2159774662094104,0.5115630028025693,0.5025539253986456,0.8885662885439116,brain,down,95p,sub-002,41.80031653529628,22.65960333335053,9.17437528068471,1.8582273481527845
sub-002_acq-down_rec-stevafull_T1w,2.489438095238095,0.5027849041002386,0.4154,6044.3003,4.64806,4.45937,4.8654,4.61941,0.2232735623740348,0.3628643029375268,0.4138621346884383,0.2533369064331054,0.1217274323105812,0.0,0.0003010453417946,9.820945317628292,9.63307025232653,9.675912055463323,240,240,240,2.9606023317751275,12.68294078022032,14.880958962408018,28.999333775228607,44.37772342024629,59.02300341099612,55.02501031007304,61.6743040989767,1.0,1.0,1.0,27.3178,10.3782,12.9316,7.0,4620245.0,0.0,49.0,20.2045,0.2808,117.8251,662.4221,703.0,311741.6926437044,161.0,998.0,237.4513,1.6769,73.1731,929.7785,935.0,506642.7515865962,798.0,1041.0,73.721,0.9921,31.3833,976.5916,977.0,577847.5562313794,922.0,1031.0,33.6904,0.2221339465301808,0.4913376289307548,0.4966063015684191,0.8937471846993185,brain,down,full,sub-002,61.05938141183356,31.68951802765253,12.739335828086004,2.9399312182810813
sub-002_acq-left_rec-steva50p_T1w,2.42036046511628,0.5113866146209455,0.4133,6536.881,4.779240000000001,4.55497,5.00826,4.77449,0.2252864792800933,0.3632140820024382,0.4114994387174684,0.2418047934770584,0.1150742299854755,0.0,0.0003012191674376,9.832680143081218,9.643875726545724,9.686532011428111,240,240,240,2.9903793921351385,12.771689837143487,14.824800326229626,28.71233174941025,44.94585928195641,59.7173916864196,55.69835651654429,62.43181858125687,1.0,1.0,1.0,27.2502,10.3782,12.6533,7.0,4610895.0,0.0,48.0,19.9368,0.2919,120.176,671.1555,712.0,314193.53557392163,170.0,1009.0,238.0965,1.7536,72.1252,941.6541,946.0,506552.8875024065,809.0,1054.0,74.07,0.6834,31.9503,988.6404,989.0,573893.5774151892,933.0,1044.0,34.4451,0.220080734010041,0.4922972186435111,0.497250645090327,0.8944959566664197,brain,left,50p,sub-002,51.32568048615492,26.600844473625592,10.739830325305908,2.3859758088837566
sub-002_acq-left_rec-steva75p_T1w,2.580695,0.4848250628809543,0.4133,6363.5167,5.021626666666667,4.75206,5.25563,5.05719,0.225538303981342,0.3651623836972243,0.4092993123214337,0.2451586574316024,0.1166113451123237,0.0,0.0002921231575568,9.864110574778936,9.67219384583938,9.714286918136846,240,240,240,3.053918011841232,13.08494121244534,14.955590464186676,28.727912168273456,52.65777755294752,69.74393754215566,65.03051409685686,72.68982719546742,1.0,1.0,1.0,26.4193,8.8956,12.5282,6.0,4622527.0,0.0,48.0,19.7139,0.3344,121.1199,675.6356,715.0,313573.1213586698,186.0,1007.0,234.1251,1.631,71.6291,942.9214,947.0,507696.9474248751,814.0,1054.0,72.3732,0.6944,31.5987,987.5512,987.0,569061.9316939024,932.0,1043.0,34.3568,0.2179052359875161,0.4945798297342691,0.4962944437273781,0.8936558414374018,brain,left,75p,sub-002,46.09852903156008,23.96982472539792,9.707631763025656,2.038293842903899
sub-002_acq-left_rec-steva95p_T1w,2.929905714285714,0.4384559519644461,0.4127,4419.6067,5.9401633333333335,5.79842,6.1339,5.88817,0.2277755359686698,0.3726438941729914,0.3995805698583388,0.2325992435216903,0.1051170855760574,0.0,0.0001305093199993,10.2407812322009,10.038688622810415,10.083823838826392,240,240,240,3.71217088569002,13.77604421339798,15.042115013418362,27.638129941167087,47.66028617679366,60.09614892755969,56.68733375729895,62.3055661675435,1.0,1.0,1.0,21.9426,10.3782,12.4327,7.0,4635715.0,0.0,44.0,17.9236,1.1637,102.2539,726.3647,755.0,304911.4935242608,321.0,1018.0,203.3847,1.3098,71.5033,950.8183,952.0,498839.376414033,833.0,1061.0,69.1054,1.4136,31.0434,987.7541,987.0,534898.130392457,931.0,1045.0,35.7115,0.2218725536988725,0.5108438440453754,0.5021542624592497,0.8877246762338363,brain,left,95p,sub-002,47.20999539285276,25.67387660555695,10.450778975638812,2.133083235596754
sub-002_acq-left_rec-stevafull_T1w,2.4606302325581395,0.5054344588767408,0.4126,6634.8136,4.6559800000000005,4.46781,4.88006,4.62007,0.2248074013886009,0.3621531403344885,0.4130394582769105,0.2357716485857963,0.1115432672202587,0.0,0.0003118708190166,9.828342703222797,9.641110038809082,9.68408420741791,240,240,240,2.954767684734793,12.5824645563546,14.76933236003155,28.770764839005256,46.15974913293649,61.654841225516016,57.42298834308883,64.45437467081399,1.0,1.0,1.0,26.908,10.0627,12.6079,7.0,4623993.0,0.0,48.0,19.7279,0.2785,121.5732,669.343,709.0,313652.1857539797,164.0,1010.0,239.9508,1.7229,73.7236,942.1917,947.0,505277.5101796081,808.0,1056.0,75.2634,0.7255,32.0835,990.2178,990.0,576274.3045423668,934.0,1046.0,34.4099,0.2200971660230244,0.4897731192556455,0.4952668390235246,0.8935993862492727,brain,left,full,sub-002,54.06779267413991,28.27087493250673,11.42241491244791,2.6532022347162334
sub-002_acq-right_rec-steva50p_T1w,2.3769651162790697,0.5138041137297328,0.4131,6343.2922,4.804736666666667,4.57929,5.02258,4.81234,0.2261462733912044,0.3631030230342065,0.4107507035745888,0.2421801537275314,0.1148320034146309,0.0,0.0002734090124067,9.829836659847777,9.642837365769696,9.685621620390917,240,240,240,2.9803522058585257,12.806878414898843,14.904492839177408,28.926247896774854,44.81960686824305,59.65426547956293,55.61418824073539,62.36869237440018,1.0,1.0,1.0,26.8446,10.3782,12.6229,7.0,4612182.0,0.0,48.0,19.8137,0.277,121.1962,668.8128,710.0,315491.0124767912,167.0,1006.0,238.2265,1.8366,70.5729,940.1324,945.0,506555.9500610409,809.0,1052.0,73.7884,0.948,31.6366,987.8692,988.0,573028.0380173688,932.0,1043.0,34.1558,0.216935572100049,0.4904310888783637,0.4953135875333744,0.8953756555862261,brain,right,50p,sub-002,53.94154474632372,28.33464564162537,11.382884315472866,2.547633539539577
sub-002_acq-right_rec-steva75p_T1w,2.339438636363637,0.5224930025148394,0.4121,6443.0293,5.07237,4.78884,5.30532,5.12295,0.2251379876763436,0.3635338879795587,0.4113281243440976,0.2407321482896804,0.1128885596990585,0.0,0.0002869156894863,9.841054643700735,9.653372973339977,9.695795901229491,240,240,240,3.0063742372798634,12.76573856079256,14.773169231578882,28.547394896664212,52.28954134628356,69.81758478348846,65.05506317730114,73.05806340213138,1.0,1.0,1.0,25.8616,8.8956,12.2668,6.0,4614546.0,0.0,47.0,19.219,0.2132,123.4823,669.8969,710.0,313759.7292713672,182.0,1008.0,236.1645,1.8592,70.4946,943.4437,948.0,506632.82305520464,811.0,1057.0,74.2612,0.3172,32.4407,991.7538,992.0,573240.4480821611,935.0,1048.0,34.7492,0.2178007808464507,0.4929288659337764,0.4966810231450617,0.8966897354859328,brain,right,75p,sub-002,42.95892200688625,22.67714313371409,9.133481818588534,1.9377183779771543
sub-002_acq-right_rec-steva95p_T1w,2.995273529411765,0.4311143523525672,0.4167,3865.3186,5.996076666666667,5.81136,6.14612,6.03075,0.2265403870650982,0.3747275886296656,0.3987320243052362,0.2512970417737961,0.1169862113893031,0.0,0.0001504110180166,10.204256805468374,10.001116671846916,10.045800505513478,240,240,240,3.674540818249592,13.888242995566452,15.212049826058818,28.073365664360413,47.34465514251026,59.7173916864196,56.30857651615887,61.86368271954674,1.0,1.0,1.0,27.4098,10.3782,12.9087,7.0,4628847.0,0.0,45.0,19.0126,1.2119,102.552,722.3407,750.0,304354.2916261251,315.0,1013.0,204.1068,1.0935,72.1949,945.6245,946.0,503442.0187397964,830.0,1055.0,68.1151,2.1993,29.6444,980.1989,980.0,535691.6900261077,924.0,1036.0,34.9085,0.2222625551418521,0.5111745660945379,0.5012744682840885,0.8836068442020046,brain,right,95p,sub-002,40.093462086337546,22.06545647719786,8.940489222448464,1.8484671327429447
sub-002_acq-right_rec-stevafull_T1w,2.427279069767442,0.5102416186047538,0.4131,6400.0,4.666966666666667,4.46701,4.8924,4.64149,0.226169369513538,0.3615144069274946,0.4123162235589675,0.2430292516946792,0.1140852130949497,0.0,0.0002971987812375,9.821385970258898,9.63420859736936,9.676624994126824,240,240,240,2.9300057835971782,12.62660628641179,14.750065345452285,28.693583966347884,44.18834479967624,59.33863444527953,55.193346861690856,62.053061340116784,1.0,1.0,1.0,25.9515,10.3782,12.6211,7.0,4624040.0,0.0,48.0,19.6529,0.2003,123.3776,659.9438,700.0,315811.146886786,159.0,1001.0,238.907,1.8331,72.2552,934.8768,940.0,504799.9192527011,802.0,1047.0,74.4459,0.7536,32.1178,983.0219,983.0,575736.9343260765,927.0,1038.0,34.2585,0.217055633008814,0.4891544585950588,0.4946100390780656,0.8960959527807468,brain,right,full,sub-002,54.39505126282224,28.8559014723444,11.5989842579494,2.7205374758919967
sub-002_acq-up_rec-steva50p_T1w,2.542809756097561,0.4909615639227819,0.4144,6257.4185,4.74087,4.53758,4.9429,4.74213,0.2247271240446248,0.363791925111016,0.4114809508443591,0.249345451593399,0.1189961530268192,0.0,0.0002710315969388,9.846506118444674,9.656214624488396,9.698712404373977,240,240,240,3.0138105486273674,12.89009704930516,14.883102134386869,28.745398805228074,45.00898548881308,59.7173916864196,55.67731444759206,62.3055661675435,1.0,1.0,1.0,27.1442,10.3782,12.8193,7.0,4621669.0,0.0,49.0,20.2204,0.3391,119.5054,673.5318,713.0,312973.42066991003,175.0,1009.0,236.5772,1.6998,72.6067,941.2703,946.0,506646.4660112741,810.0,1053.0,73.3896,0.8713,31.6485,987.2829,987.0,573062.1137691122,932.0,1043.0,34.3359,0.2213741048504999,0.4926041975281321,0.497384478286049,0.8940544051985104,brain,up,50p,sub-002,54.20119165821967,28.651479176169257,11.593835524328446,2.509524933467677
sub-002_acq-up_rec-steva75p_T1w,2.440378571428571,0.5063016431106255,0.4124,6669.8585,5.010656666666667,4.7316,5.22377,5.0766,0.2252025459952955,0.3641554521471847,0.4106420018575197,0.2421984225511551,0.1153346985578536,0.0,0.0002637069880364,9.84500054838941,9.655450550554624,9.697707966891722,240,240,240,3.027141859260671,12.91634460951326,14.886971235543044,28.71742723785521,52.28954134628356,69.44934857682449,64.76047421196996,72.54253271280183,1.0,1.0,1.0,26.6619,8.8956,12.2356,6.0,4624168.0,0.0,46.0,19.3593,0.281,120.874,669.8606,710.0,313710.07430041535,182.0,1004.0,234.5443,1.6638,70.7263,938.49,943.0,507273.2790169304,808.0,1050.0,73.0082,0.3943,31.7696,984.7097,985.0,572029.6471083631,929.0,1040.0,34.2997,0.2189048173861195,0.4926635012374309,0.4963984041602043,0.8962870486956802,brain,up,75p,sub-002,46.606767480759736,24.717371890983905,10.019413077504558,2.0428799448736603
sub-002_acq-up_rec-steva95p_T1w,3.133117142857143,0.4181817248496899,0.4127,4578.344,5.91398,5.65686,6.08869,5.99639,0.2310944450458144,0.3712263145487677,0.3976792404054179,0.2355887740850448,0.1071665525436401,0.0,0.000179450180138,10.154445302247456,9.950251951725145,9.994070758518802,240,240,240,3.5725624200329547,13.450571533515443,14.705130438259218,27.09225736122925,47.84966479736371,61.611177892120025,57.76047927386252,63.82059513210383,1.0,1.0,1.0,23.9327,10.3782,12.6554,7.0,4619949.0,0.0,45.0,18.6329,0.8626,113.6089,728.3566,758.0,312076.1782285636,310.0,1037.0,212.1723,1.1342,76.7842,974.3843,976.0,501314.03841960215,849.0,1090.0,72.5619,1.423,32.8749,1011.3851,1011.0,537036.7837355718,952.0,1071.0,37.3169,0.2153629167790176,0.5099625019459845,0.4985290184274122,0.881213902168374,brain,up,95p,sub-002,44.8159427935021,24.77177741428808,10.105845920960572,1.9872311019083275
sub-002_acq-up_rec-stevafull_T1w,2.372958139534884,0.5123407913365163,0.4127,6616.6055,4.63347,4.44947,4.84929,4.60165,0.2257453222409724,0.361935962187327,0.4123187155717004,0.2392277270555496,0.1135054118931293,0.0,0.0002879187530624,9.824683639087148,9.637758159423978,9.68069995166532,240,240,240,2.9623503125984074,12.690702178664536,14.851728645693294,28.902133445816936,46.24985484870907,61.64463656180629,57.45201515909045,64.46155406675598,1.0,1.0,1.0,26.4851,10.0006,12.5683,7.0,4623727.0,0.0,48.0,19.6683,0.2781,120.6231,665.5077,706.0,315084.4851102168,162.0,1004.0,238.3239,1.8646,70.4708,936.5486,941.0,505172.8432579971,804.0,1049.0,74.1487,1.0443,31.5664,984.4195,984.0,575494.6720824487,929.0,1039.0,34.0459,0.2185962484025481,0.4890938027214591,0.4955725763976768,0.8944318995102128,brain,up,full,sub-002,56.19020569431805,30.017581481818056,12.162855788168043,2.76178421520571
sub-002_rec-stevaFull_T1w,2.084904444444444,0.5645344958774126,0.4083,8360.7134,5.011246666666668,4.75975,5.30188,4.97211,0.2233076779131667,0.3527885506130192,0.4239037714738139,0.22224161028862,0.1029165983200073,0.0,0.0003993674028226,9.829663481419288,9.656502264146775,9.69722786524486,240,240,240,2.9287088983684857,13.126699952399091,16.29634759205846,32.8336339254078,51.25847996762444,69.22840685282611,64.34313984441746,72.54253271280183,1.0,1.0,1.0,25.8031,8.8956,11.6946,6.0,4615314.0,0.0,44.0,18.0561,0.2099,125.6886,653.6828,696.0,311708.2651826488,151.0,990.0,237.647,1.7815,64.3355,933.6631,940.0,492446.60154787,803.0,1038.0,71.6097,1.1737,29.4852,984.8955,985.0,591714.1338143555,936.0,1033.0,29.9997,0.2131348687207114,0.47152919590465,0.4890168647766896,0.9136538142652756,brain,none,woBin,sub-002,53.77418163070839,28.349500444127887,11.509557795882264,2.301724872842359
sub-003_acq-down_rec-steva50p_T1w,2.805226829268293,0.4144116508338498,0.4977,1013.3611,5.733,5.10868,6.41755,5.67277,0.2293122472645236,0.365120983769333,0.4055667689661433,0.3229545056819916,0.1929920524358749,0.0,0.0003796254112838,8.355064496889304,8.15820415966646,8.199115484236067,240,240,240,2.821169992355368,12.568007126170066,14.297898455947792,27.504518249317947,21.04089438543797,28.864550889319123,26.66167790905965,30.07958845242188,1.0,1.0,1.0,35.9642,22.1068,30.9261,18.0,4004760.0,0.0,94.0,49.1976,-0.0339,145.3192,666.7161,710.0,376054.4285572134,161.0,1031.0,251.6683,1.3823,82.3842,969.0274,974.0,598770.2992035799,832.0,1088.0,77.4983,1.8619,32.6301,1014.8413,1015.0,665098.2726161338,955.0,1075.0,36.903,0.2006515465126946,0.4859781719991825,0.4780704378091844,0.8823626205493864,brain,down,50p,sub-003,69.34340857389824,33.60759278248007,13.59813239393334,2.8808097245290303
sub-003_acq-down_rec-steva75p_T1w,3.0326916666666666,0.3710160395399219,0.5009,997.9621,5.962330000000001,5.26985,6.67576,5.94138,0.2233724144062795,0.3725491069142298,0.4040784786794906,0.3354875147342682,0.2104593746364116,0.0,0.0003986016083265,8.412934548000282,8.205677661406252,8.245295597935222,240,240,240,2.98389952880846,13.71558171542944,14.8698348850919,27.910023411037795,21.18847673094836,27.912286680235965,26.01003232483527,28.92933356332149,1.0,1.0,1.0,37.166,23.1896,32.6774,19.0,4029260.0,0.0,99.0,53.6644,0.2234,132.0653,703.1615,750.0,363762.4237373434,179.0,1054.0,251.3486,1.3681,77.5289,985.1987,988.0,606696.9659280056,859.0,1098.0,72.0348,4.0677,31.648,1024.2225,1024.0,658042.6109250927,965.0,1084.0,36.6893,0.2065208875221412,0.4991082044775439,0.4870184317907924,0.8805348061808561,brain,down,75p,sub-003,67.95428158571367,33.03027224696397,13.378973284077777,2.683695980314523
sub-003_acq-down_rec-steva95p_T1w,4.394646153846153,0.2689180029114265,0.5048,917.8976,6.831273333333333,6.05953,7.55684,6.87745,0.2156022669304047,0.3876998767466342,0.396697856322961,0.3436188548803329,0.2227930709719657,0.0,0.0003972432253161,8.702539970627866,8.476129354924636,8.520540841079837,240,240,240,3.537284985300131,14.23632026597089,14.461374661972371,25.61051873464609,20.241848666533688,24.777047671567185,23.487377144712084,25.443235096035384,1.0,1.0,1.0,35.7396,25.5687,33.8931,19.0,4016773.0,0.0,107.0,56.8385,0.9279,100.3958,752.0086,790.0,338978.9395155278,272.0,1053.0,223.3348,0.2565,83.3556,966.813,967.0,609558.0298898122,853.0,1078.0,67.9248,3.2337,30.9052,993.2206,993.0,623705.031301213,931.0,1057.0,38.7731,0.2198611043145802,0.5226735285829311,0.4989999794491882,0.8694719834321626,brain,down,95p,sub-003,50.59820513652589,25.91449871741988,10.50283581867368,2.0392391193792188
sub-003_acq-down_rec-stevafull_T1w,2.667916279069768,0.4307316746954028,0.497,1012.6515,5.594936666666666,5.02284,6.25631,5.50566,0.229273183485736,0.3633590456763524,0.4073677708379115,0.3191866278648376,0.1895313456654548,0.0,0.0003995696713946,8.340174129190533,8.14567662985025,8.186844443963029,240,240,240,2.787400873882744,12.343335101306344,14.212634524247129,27.507167597552296,21.010492381000105,29.03864927089929,26.790367415735457,30.32196059530697,1.0,1.0,1.0,35.9879,21.9517,30.7239,18.0,4026302.0,0.0,93.0,48.8668,-0.0808,147.5245,661.5692,704.0,376669.0155659728,156.0,1029.0,252.5647,1.5817,81.7505,968.169,973.0,596956.399135174,828.0,1088.0,78.8279,1.5311,32.9699,1016.0134,1016.0,669257.5855665527,956.0,1076.0,36.9358,0.2016239007151335,0.4848013641035735,0.478842401924465,0.8821136641567195,brain,down,full,sub-003,73.18465274944138,35.83096736218492,14.50907405877686,3.2457011779005884
sub-003_acq-left_rec-steva50p_T1w,2.6606619047619047,0.4280771343373356,0.4968,1002.8131,5.720586666666667,5.11975,6.40388,5.63813,0.2311391250598723,0.3638378074594021,0.4050230674807257,0.3136460185050964,0.184785372018814,0.0,0.0003863676667878,8.349473217164789,8.153777032548462,8.194400977656748,240,240,240,2.808419490596056,12.538275823635177,14.264507268018212,27.4468264898234,20.95792538053741,28.9475754544834,26.701728543150324,30.19968479443016,1.0,1.0,1.0,35.25,21.9755,30.2862,18.0,4018465.0,0.0,91.0,47.6091,-0.0778,148.8353,660.6286,703.0,379350.154948418,161.0,1025.0,250.3184,1.7552,79.0445,966.2022,971.0,597137.8865437206,828.0,1084.0,77.4428,3.2553,32.7033,1013.1996,1013.0,664731.9590168814,953.0,1073.0,36.9077,0.1975403562339965,0.4840185740046462,0.4766852297482346,0.884835889245135,brain,left,50p,sub-003,65.27156443633726,32.34509784835474,13.199421948651867,2.818697986676953
sub-003_acq-left_rec-steva75p_T1w,2.9444324324324325,0.385553476200383,0.4992,996.2765,5.911080000000001,5.23131,6.62912,5.87281,0.2258509529844191,0.3707346862141999,0.403414360801381,0.3223660886287689,0.1975777491927146,0.0,0.0003765478373186,8.394035815911725,8.191568902175508,8.231779392332365,240,240,240,2.927659121093021,13.382152547594256,14.758714155319874,27.966330797272345,21.40614547453771,28.5805717963732,26.55025795291499,29.66405658783406,1.0,1.0,1.0,36.2841,22.3723,31.4489,18.0,4011609.0,0.0,95.0,50.7761,0.1361,136.6633,686.0114,731.0,368633.69972394966,171.0,1037.0,249.6872,1.5654,77.6268,972.2671,976.0,605112.784290825,845.0,1086.0,72.9329,3.7536,31.3172,1013.551,1013.0,658452.5164888042,954.0,1073.0,36.2221,0.2019396815868427,0.4916214759390262,0.4814846959195262,0.8814716183367111,brain,left,75p,sub-003,60.90986548438054,30.27496198783877,12.36362716164254,2.4944893436762903
sub-003_acq-left_rec-steva95p_T1w,4.453953846153846,0.2684496852548759,0.5041,1001.6552,6.651386666666667,5.93589,7.33821,6.68006,0.2152267444450136,0.3860762923249744,0.3986969632300119,0.3441381454467773,0.2251197695732116,0.0,0.0004286399572784,8.60387927057927,8.382916142416105,8.426183136315853,240,240,240,3.331370855709696,14.000237624087283,14.570611724566549,26.380226693902667,21.05980697677309,26.243341941416976,24.750700983011665,26.948954030844934,1.0,1.0,1.0,38.3615,24.1401,32.8934,18.0,4026418.0,0.0,104.0,56.5048,0.6171,106.0823,734.1595,776.0,342376.0331672156,240.0,1049.0,232.9368,0.3775,85.3431,965.5733,967.0,614158.1977043814,849.0,1078.0,69.0702,3.6022,30.4597,994.0474,993.0,634234.7697471257,933.0,1056.0,37.6418,0.2152560277240348,0.5165802191807847,0.4943984433990366,0.8681882104581687,brain,left,95p,sub-003,51.33758210464294,26.659815365406068,10.909533584411989,2.095928585146294
sub-003_acq-left_rec-stevafull_T1w,2.643045238095238,0.4296224534502639,0.4972,1008.1145,5.665356666666667,5.08278,6.35025,5.56304,0.2312766632987997,0.3627513995279898,0.4059719371732104,0.3186964094638824,0.1873787999153137,0.0,0.0003937365039181,8.332517115874673,8.138879756501476,8.17953383826934,240,240,240,2.792690033982862,12.543798675610208,14.38416525365585,27.81600705137448,20.868596478738255,28.88118080008762,26.628887197320257,30.136884313134903,1.0,1.0,1.0,36.1946,21.9126,30.4224,18.0,4027301.0,0.0,91.0,48.0969,-0.0958,148.4867,654.7559,698.0,380358.7569502741,155.0,1019.0,249.9379,1.8239,78.7178,960.5279,966.0,596582.7655865983,824.0,1078.0,77.0101,2.4531,32.2901,1008.2086,1008.0,667663.477920379,949.0,1067.0,36.2381,0.1973592830817241,0.4825128781708084,0.4764984656766486,0.8854591800017694,brain,left,full,sub-003,69.85151508942097,34.950196582063214,14.279939264422612,3.1667256144562463
sub-003_acq-right_rec-steva50p_T1w,2.4820869565217394,0.4571308878867858,0.4953,1037.0529,5.673016666666666,5.08119,6.33912,5.59874,0.2314225845697604,0.3614079466233971,0.4071694688068425,0.3123954832553863,0.1820051968097686,0.0,0.0003921201731297,8.334740257755316,8.143696277284617,8.185206707031458,240,240,240,2.742865134972404,12.027357720690592,13.936725703204894,27.03995425395169,20.76397444317729,29.1055711125462,26.78512695511984,30.485835309636016,1.0,1.0,1.0,35.3724,21.8337,29.9474,18.0,4031015.0,0.0,91.0,47.0084,-0.1922,152.2531,650.3406,692.0,380479.7885357808,152.0,1022.0,252.2906,1.8116,80.4907,964.1238,970.0,594187.5524468101,821.0,1087.0,80.6494,2.101,33.6853,1015.6175,1016.0,669423.6592243846,954.0,1077.0,37.574,0.1984013161574233,0.4818589049334509,0.4762980335926147,0.8862445518937562,brain,right,50p,sub-003,68.09957840888762,35.69508425953212,14.316575513656636,3.0966418849067447
sub-003_acq-right_rec-steva75p_T1w,2.5929833333333336,0.4314789793685629,0.4969,1052.7512,5.842333333333333,5.19661,6.52651,5.80388,0.230720250003085,0.3650094372099906,0.4042703127869244,0.3184309750795364,0.1881420344114303,0.0,0.0003731364752182,8.368927441251175,8.172561426929212,8.213095818231999,240,240,240,2.850579689550964,12.716585307176649,14.329724920831984,27.42200976576834,21.018924815305585,28.778386451507505,26.608115572416548,30.027035450436543,1.0,1.0,1.0,35.6404,22.0364,30.2011,18.0,4037554.0,0.0,92.0,48.2081,-0.0235,144.5117,664.357,707.0,377773.95440815017,165.0,1023.0,248.0194,1.7944,76.296,963.9615,968.0,597654.7723455905,829.0,1081.0,76.121,2.7562,32.6093,1010.4155,1010.0,661939.273684447,950.0,1070.0,36.8317,0.1980944057958602,0.4870251852713125,0.4789000067570664,0.8852466516043075,brain,right,75p,sub-003,63.87962816416255,33.38877288483409,13.41111544285574,2.7399099845195303
sub-003_acq-right_rec-steva95p_T1w,4.374188461538461,0.2682173990946535,0.5076,888.2703,6.632316666666667,5.86538,7.37208,6.65949,0.2143510108872979,0.3864380162175569,0.399210972895145,0.3610124886035919,0.2413181997835636,0.0,0.0003948146338787,8.578600767633311,8.352650114595438,8.394680263210207,240,240,240,3.3438641174843187,14.458098312741892,14.79179185737693,26.573413141904584,19.61388977242823,24.36120067276118,22.99530771196363,25.010832690701477,1.0,1.0,1.0,36.9397,26.2203,34.6673,19.0,3996537.0,0.0,106.0,58.5665,0.6165,105.1196,741.6219,785.0,342045.9100387525,241.0,1057.0,234.758,0.4544,83.2079,974.2182,975.0,616649.9629908543,860.0,1083.0,67.4362,4.0309,30.521,1001.1585,1001.0,637032.1276122672,941.0,1063.0,37.6692,0.2193715479985297,0.5201367027815342,0.4975751994113475,0.8695452911321009,brain,right,95p,sub-003,46.30377975961085,25.13638864709331,10.101261237352988,1.917381078935404
sub-003_acq-right_rec-stevafull_T1w,2.3857297872340424,0.473791304582442,0.494,1073.6692,5.683063333333333,5.10012,6.37096,5.57811,0.2346230940641295,0.3583837813309808,0.4069931246048897,0.3077990710735321,0.1772136427462101,0.0,0.0003880337549326,8.328617689949159,8.140019647189915,8.181007342069867,240,240,240,2.734595765722045,12.036253410167404,14.081740861675064,27.474373409135744,20.57953653271338,29.1316787335326,26.75440481198568,30.551999169711056,1.0,1.0,1.0,35.0175,21.6792,29.3781,18.0,4033045.0,0.0,89.0,45.5181,-0.261,156.6621,639.6098,681.0,386113.1257523494,154.0,1011.0,249.031,1.7838,78.8729,958.0486,964.0,589782.8710366805,815.0,1079.0,80.0913,2.5078,33.2564,1010.2681,1011.0,669778.0034302882,950.0,1070.0,36.7979,0.1937222340297635,0.4768250023569714,0.4726100869607821,0.8903569702193148,brain,right,full,sub-003,73.52406238481733,39.022417982049525,15.686749889880389,3.488747120316067
sub-003_acq-up_rec-steva50p_T1w,2.552213636363636,0.4447359700830524,0.4964,1023.3807,5.675196666666667,5.08652,6.34831,5.59076,0.2305411310705048,0.3632061591868018,0.4062527097426934,0.3172436356544494,0.1861633017659187,0.0,0.0004069275003074,8.355652222483574,8.162027851244012,8.203273351427423,240,240,240,2.8079360055065554,12.37807503807423,14.255148155698068,27.57943342351342,21.026241169461425,29.012025511205664,26.78876719883492,30.32803491583767,1.0,1.0,1.0,36.0631,21.9041,30.1677,18.0,4028960.0,0.0,92.0,47.9105,-0.0552,146.211,661.0371,703.0,378055.8709134208,159.0,1026.0,250.3615,1.6406,79.4934,965.5166,970.0,595608.3419686687,826.0,1085.0,78.3643,1.0541,32.804,1013.6318,1014.0,666198.787520223,953.0,1074.0,36.7665,0.1999139016771325,0.4836581608124013,0.4774232594361631,0.8843189429071883,brain,up,50p,sub-003,72.13811495060156,35.98583387105316,14.591430095470212,3.1079508777571427
sub-003_acq-up_rec-steva75p_T1w,2.8297743589743587,0.403792003863104,0.498,982.4089,5.8518333333333326,5.16637,6.57024,5.81889,0.2260127698195681,0.3683264779597536,0.4056607522206782,0.3185535669326782,0.1922782838344573,0.0,0.0003631939089715,8.39752533648921,8.199321086306215,8.240469856142388,240,240,240,2.8894619719689816,12.909140605001385,14.554897079081607,27.86608866027446,21.16310991668424,28.42323234643564,26.38530324334753,29.569567466922702,1.0,1.0,1.0,36.1487,22.2887,30.5462,18.0,4014868.0,0.0,93.0,49.1327,0.077,134.9575,674.5763,720.0,368715.65071332455,161.0,1027.0,249.181,1.4415,78.8014,962.7528,967.0,600885.238052241,831.0,1079.0,74.9081,2.2809,31.5598,1006.4377,1006.0,661792.1117612623,948.0,1065.0,36.1012,0.2048234696652124,0.49072002467741,0.4818184673024096,0.8826926937951243,brain,up,75p,sub-003,59.65775223692567,29.816859958722244,12.094986510872392,2.451413566051544
sub-003_acq-up_rec-steva95p_T1w,3.5925875,0.3202965949376906,0.5047,913.6752,6.616226666666667,5.83638,7.33968,6.67262,0.2192015215769793,0.3819137272474289,0.3988847511755917,0.3522877097129822,0.2259903043508529,0.0,0.0003866112680213,8.555192605621864,8.339767514704539,8.38266442865692,240,240,240,3.304398406465852,13.832051653539487,14.527589897181349,26.446319631538707,19.940970046348603,25.152814490280623,23.68409826211943,25.958510249729056,1.0,1.0,1.0,35.3352,26.0202,34.2005,19.0,4011594.0,0.0,109.0,56.9689,0.6483,112.8215,750.4534,792.0,350734.9291574699,245.0,1079.0,239.6802,0.8296,83.1029,997.5496,999.0,611083.7329354552,875.0,1114.0,72.2235,5.9271,31.8599,1031.27,1031.0,638238.3385803049,968.0,1095.0,38.9846,0.2132005275694735,0.5143439528887359,0.4946944872563542,0.8725599871263947,brain,up,95p,sub-003,57.68878726052364,29.98488793368245,12.193356704111324,2.304483966491685
sub-003_acq-up_rec-stevafull_T1w,2.6848952380952382,0.4273190684937234,0.4973,1029.4541,5.670580000000001,5.08356,6.36386,5.56432,0.2302345889530866,0.3629488020850273,0.406816608961886,0.3216985166072845,0.1906383126974105,0.0,0.0004059889441262,8.33786298509529,8.143314019425745,8.183897826652933,240,240,240,2.7810999611587888,12.487527822194323,14.359232390028728,27.80906938673307,20.890523682479348,28.94145616183027,26.67681964037716,30.198479076821865,1.0,1.0,1.0,36.2116,21.8896,30.6483,18.0,4026004.0,0.0,92.0,48.4499,-0.1052,148.413,655.4147,698.0,378402.7494377904,153.0,1021.0,250.9795,1.598,80.453,962.0884,967.0,596525.5926081191,825.0,1080.0,77.4372,1.9481,32.3126,1009.0595,1009.0,668624.6582154669,950.0,1068.0,36.2831,0.1999895176826867,0.482471367946939,0.4768302726100105,0.8842646379932088,brain,up,full,sub-003,76.62712324661325,38.67974838036905,15.693805692343078,3.4440839993836443
sub-003_rec-stevaFull_T1w,2.110669387755102,0.5138781124857015,0.4892,1218.0613,6.23218,5.44122,7.13142,6.1239,0.2319701897139917,0.3509884153288241,0.4170413949571842,0.2903900593519211,0.1640477895736694,0.0,0.0004445585742488,8.314783909271785,8.138488272586091,8.17767230231077,240,240,240,2.692129842216492,12.244251602857668,15.166532007209575,30.563214576554564,21.573520814408152,31.01800069118054,28.39812784865121,32.60286204036494,1.0,1.0,1.0,35.6786,20.2552,28.0657,17.0,4038073.0,0.0,83.0,43.245,-0.3874,165.3351,623.1312,667.0,382614.4146251385,146.0,996.0,247.7589,1.7147,72.7631,952.0595,959.0,578924.5042081494,810.0,1068.0,78.3224,2.205,30.6597,1008.016,1008.0,687873.081462457,954.0,1062.0,32.9808,0.1896356966996198,0.4598481433285024,0.4658840483877421,0.906434525808942,brain,none,woBin,sub-003,77.29500680318728,38.47051278714727,15.647370002279189,2.902275357635984
sub-001_acq-down_rec-steva50p_T1w,3.3910294117647064,0.3963884594752826,0.4335,3889.4323,5.32544,4.84263,5.86967,5.26402,0.2335170063100796,0.3657919665671794,0.4006910271227408,0.2450405359268188,0.1302659064531326,0.0,0.0004699099616025,8.978542610569704,8.776241298323745,8.819053806605128,240,240,240,3.213858532569235,13.326079155088024,14.848842486775965,28.00658977267063,40.874218939700526,53.79930979360583,50.11694772696614,55.67731444759206,1.0,1.0,1.0,57.1421,11.8608,16.2148,8.0,4502605.0,0.0,57.0,26.8284,0.6316,123.9675,703.5312,740.0,356376.1413847874,237.0,1037.0,230.2525,0.8948,82.9621,970.139,974.0,558244.2651806882,841.0,1082.0,73.0897,1.644,32.3329,1008.6328,1008.0,611504.5939904455,951.0,1067.0,35.9915,0.2102663177358252,0.5032673823082064,0.495566599549431,0.8809831504500297,eyes,down,50p,sub-001,,,,27.58936503544763
sub-001_acq-down_rec-steva75p_T1w,3.418078787878788,0.3901759452477364,0.4336,3839.5727,5.521069999999999,5.00404,6.05719,5.50198,0.2323058245971547,0.3688847602580138,0.3988094151448315,0.246251568198204,0.1345727987587451,0.0,0.0004890139286734,9.003991791499212,8.797556300755444,8.840104607329652,240,240,240,3.313834033285905,13.877078664506266,15.166712722902975,28.30922547091676,42.2551047146904,54.68307668959935,51.14800910562525,56.505845912586,1.0,1.0,1.0,65.0631,11.8608,16.3351,8.0,4500208.0,0.0,57.0,27.5313,0.8209,120.5314,727.6219,765.0,353501.6318921698,253.0,1057.0,230.8501,0.7662,80.8063,987.7198,990.0,561334.8910105497,862.0,1098.0,71.3406,1.8503,31.9903,1023.6597,1023.0,606871.4777691651,966.0,1082.0,36.1366,0.2112527788731844,0.5068647177539051,0.4974351256391308,0.8830798193455469,eyes,down,75p,sub-001,,,,28.481503888511067
sub-001_acq-down_rec-steva95p_T1w,3.641807142857143,0.362295105471312,0.4318,3659.643,6.341146666666667,5.81268,6.8149,6.39586,0.2298505327780217,0.3769102759575787,0.3932391912643995,0.2404507249593734,0.1311862803995609,0.0,0.000562898498437,9.23387147398264,9.016821760200605,9.05994581691174,240,240,240,3.7724489477671432,15.187018015584922,15.651202522482343,27.994140604094973,42.91792988668555,53.35742634560906,50.39312488196412,54.90401841359773,1.0,1.0,1.0,89.1411,11.8608,14.97,8.0,4480849.0,0.0,51.0,25.8141,1.4576,103.3619,745.8774,777.0,340996.13715916546,327.0,1036.0,205.9667,0.8839,71.955,965.2724,966.0,559167.5016096329,857.0,1066.0,63.6069,2.7341,30.0156,994.2897,994.0,583392.3618974375,937.0,1052.0,35.5074,0.2151866911054147,0.5197565450826606,0.5042188801628742,0.882788725619759,eyes,down,95p,sub-001,,,,22.66542058044424
sub-001_acq-down_rec-stevafull_T1w,3.3378117647058825,0.3997200355985377,0.4331,4059.1601,5.339893333333333,4.87366,5.90016,5.24586,0.2337035895404087,0.3655040648639499,0.4007923455956413,0.2467099577188491,0.1322548128664493,0.0,0.0004603879926389,8.96918331225144,8.767688013903825,8.810225040814581,240,240,240,3.2153562268495257,13.54267841051736,15.131604922029178,28.63678012872065,36.67632618373128,48.1652958316471,44.89208510574516,49.834633301857096,1.0,1.0,1.0,59.2608,13.3434,16.2828,9.0,4492902.0,0.0,57.0,27.049,0.5831,125.0783,708.3538,747.0,357054.6812487729,237.0,1043.0,232.3223,0.9094,81.6127,977.0197,981.0,558420.7655165833,848.0,1088.0,72.4376,1.7048,31.8729,1015.6174,1015.0,612334.5537183376,958.0,1073.0,35.4439,0.2104377906805142,0.4993594197158267,0.4935086926918235,0.8828250836306225,eyes,down,full,sub-001,,,,28.27868608292424
sub-001_acq-left_rec-steva50p_T1w,3.1438571428571427,0.4184453054438485,0.4327,4068.0479,5.31247,4.83959,5.83652,5.2613,0.2353469182717781,0.3654069502228093,0.3992461315054125,0.2445919513702392,0.128964178264141,0.0,0.0004462777630329,8.980170995555937,8.779269975663173,8.822360942418507,240,240,240,3.2112360351339877,13.27980908039634,14.79108392880631,27.88220667088861,39.60380402670983,52.25271772561715,48.68082652097666,54.18595781060299,1.0,1.0,1.0,54.5885,11.8608,15.7043,8.0,4495870.0,0.0,56.0,26.1476,0.5814,122.7043,681.6658,717.0,359110.6851040758,233.0,1007.0,223.2782,1.1228,78.3021,942.5972,946.0,557566.4266177882,817.0,1052.0,71.2359,1.8112,31.7329,981.3321,981.0,609200.8888958264,925.0,1038.0,35.1837,0.2089467882741773,0.50045254514982,0.4936721211889595,0.8820987545819053,eyes,left,50p,sub-001,,,,28.365133097172173
sub-001_acq-left_rec-steva75p_T1w,3.423714705882353,0.3934323218951779,0.4326,4138.2959,5.4942866666666665,4.97603,6.03214,5.47469,0.2321209919670818,0.3674400939814781,0.40043891405144,0.2438052147626876,0.1301854602992534,0.0,0.000421693590471,8.981875604324054,8.777619831424444,8.820029350381725,240,240,240,3.216188928863097,13.419262791506023,14.79951296749232,27.76308718210784,41.37133781869688,54.46213496560097,50.72453746796168,56.34013961958721,1.0,1.0,1.0,64.3238,11.8608,15.9176,8.0,4495882.0,0.0,56.0,26.8266,0.6029,127.3277,712.4716,749.0,354140.49816020345,245.0,1050.0,232.884,0.9065,83.4627,982.5849,986.0,560593.0632292245,853.0,1096.0,73.4764,1.6229,32.9436,1020.8195,1020.0,610938.4390577602,962.0,1080.0,36.7394,0.2136841635539407,0.5047351006006314,0.4968963278118104,0.8806842827144523,eyes,left,75p,sub-001,,,,30.665160194859663
sub-001_acq-left_rec-steva95p_T1w,3.192748484848485,0.407355697146058,0.4278,3885.0862,6.358996666666667,5.76448,6.86566,6.44685,0.235033379121418,0.3726444492291482,0.3923221716494337,0.2275345027446746,0.1186000436544418,0.0,0.0005065110952928,9.221075424419135,9.01275895411249,9.056114579766964,240,240,240,3.642100921111106,14.512814648128328,15.345717326351448,27.882236409814908,42.752223593686765,54.51737039660057,51.20324453662485,56.34013961958721,1.0,1.0,1.0,79.6396,11.8608,14.448,8.0,4502364.0,0.0,49.0,24.4785,1.1853,116.4329,744.1748,774.0,349274.87868843274,324.0,1051.0,212.5144,1.3364,73.5419,985.5462,987.0,553773.8736726006,870.0,1093.0,68.0088,2.8405,31.8188,1020.3424,1020.0,583016.2482531886,962.0,1079.0,36.5824,0.2063039136071954,0.5128765082102974,0.4994738057051608,0.8861851635102334,eyes,left,95p,sub-001,,,,25.049800854062443
sub-001_acq-left_rec-stevafull_T1w,3.101230555555555,0.4235266187770682,0.4315,4270.948,5.350383333333333,4.89067,5.91855,5.24193,0.2344527886239027,0.3640900152737447,0.4014571961023525,0.2432520389556884,0.1276494860649108,0.0,0.0004630848182126,8.978709307263474,8.77812336206628,8.820206866753809,240,240,240,3.2078654925221515,13.442366105390176,15.05603180437266,28.51786381520565,40.76374807770134,53.90978065560502,50.19059496829893,55.89825617159045,1.0,1.0,1.0,56.7429,11.8608,15.924,8.0,4495785.0,0.0,56.0,26.3466,0.5298,127.9548,700.7267,738.0,357876.4736130391,240.0,1036.0,230.0592,1.0783,79.3269,972.5516,976.0,555759.0144636955,843.0,1083.0,72.6062,1.1963,32.3174,1012.2662,1012.0,612797.5124158565,955.0,1069.0,35.4865,0.2094435649309743,0.4975980622979276,0.4923487460842599,0.8857247732449597,eyes,left,full,sub-001,,,,28.1948734318916
sub-001_acq-right_rec-steva50p_T1w,3.182875,0.4115720990374251,0.4323,4079.3627,5.347786666666667,4.85389,5.88531,5.30416,0.2334024326249858,0.3664378274884362,0.400159739886578,0.2402477264404297,0.1271799750626087,0.0,0.0004368194957823,8.988223628963361,8.786246880916803,8.829291192222144,240,240,240,3.21953749804606,13.30302454453827,14.77198950896451,27.7934064843092,41.64751497369486,54.68307668959935,51.00071462295966,56.67155220558478,1.0,1.0,1.0,60.648,11.8608,16.3082,8.0,4504884.0,0.0,58.0,27.3857,0.6687,125.5747,716.5091,754.0,355810.80531682493,242.0,1055.0,234.1948,1.0629,81.6139,986.8315,990.0,558616.8791423759,855.0,1101.0,74.4191,1.9373,32.9696,1026.4712,1026.0,610024.3159555335,967.0,1086.0,36.9152,0.2127956917213019,0.5038040543439489,0.4963528468046048,0.881499916830583,eyes,right,50p,sub-001,,,,29.666181726910537
sub-001_acq-right_rec-steva75p_T1w,3.1765857142857143,0.4137851353614981,0.4314,4123.7483,5.6223600000000005,5.06717,6.16342,5.63649,0.2328357296396471,0.3673741717762304,0.3997900985841224,0.2393843680620193,0.1271153688430786,0.0,0.0005032923525116,9.02079426667004,8.816330494570412,8.858467166892682,240,240,240,3.310958991637616,13.667674495698035,14.942037966165993,27.847480411162323,41.316102387697285,54.0754869486038,50.46677212329691,56.00872703358964,1.0,1.0,1.0,63.4821,11.8608,15.6756,8.0,4496271.0,0.0,55.0,26.4207,0.7573,124.1126,713.6285,748.0,353714.95999663044,259.0,1041.0,225.9161,1.1469,78.7604,976.0818,979.0,558100.5143615103,851.0,1087.0,71.6288,1.8012,32.4201,1014.0592,1014.0,607345.5261638346,955.0,1073.0,36.4126,0.2135760350226156,0.5059655075559286,0.4972407612136604,0.8848800802989264,eyes,right,75p,sub-001,,,,27.10966549791016
sub-001_acq-right_rec-steva95p_T1w,4.353032,0.3170518311385226,0.4332,3412.4762,6.653886666666668,6.24221,7.03285,6.6866,0.2266161698320165,0.3802338288488798,0.3931500013191035,0.2436737120151519,0.1349238902330398,0.0,0.0005638808248546,9.359831342580373,9.139789549917944,9.18537452805772,240,240,240,4.090409007897281,15.368022834174171,15.867897058139503,28.145259332347063,45.18258255766896,54.90401841359773,52.12383505328477,56.28490418858762,1.0,1.0,1.0,91.0512,11.8608,15.4292,8.0,4509713.0,0.0,52.0,26.894,1.9387,96.0455,790.2945,818.0,331517.02160913683,392.0,1072.0,199.9797,0.3265,78.7248,994.0549,994.0,556244.4487013385,885.0,1098.0,64.6797,3.0662,30.101,1019.833,1019.0,575139.530332506,962.0,1079.0,36.205,0.2249020944474179,0.5245400423541076,0.50789629141636,0.8784482500504244,eyes,right,95p,sub-001,,,,23.70493269429468
sub-001_acq-right_rec-stevafull_T1w,3.168055555555556,0.4156695097015279,0.4323,4116.055,5.283613333333333,4.80417,5.84969,5.19698,0.2333586316824133,0.3654756326309508,0.4011657356866358,0.2427538335323333,0.128873199224472,0.0,0.000430750327441,8.970838720413248,8.769419628961137,8.812129572961576,240,240,240,3.1892836335837966,13.301715143837228,14.838146915387242,28.0234419687407,41.095160663698906,54.24119324160259,50.5220075542965,56.229668757588016,1.0,1.0,1.0,56.3084,11.8608,16.3276,8.0,4503070.0,0.0,58.0,27.0381,0.548,127.1477,706.5473,744.0,356457.8769699717,236.0,1045.0,233.2809,1.0916,81.1887,978.2488,982.0,558268.0492795508,847.0,1091.0,73.825,1.3924,32.8613,1018.296,1018.0,612785.0743081465,960.0,1077.0,36.3267,0.211998731058761,0.5010615529206824,0.4944457101932578,0.8834948009191608,eyes,right,full,sub-001,,,,28.35889801723707
sub-001_acq-up_rec-steva50p_T1w,3.181088888888889,0.4173230649047342,0.4321,4063.5938,5.313476666666666,4.82657,5.84952,5.26434,0.2345024490627065,0.3648103856895101,0.4006871652477833,0.2419199794530868,0.1265147998929023,0.0,0.0004741108933805,8.979246566630387,8.77851460805279,8.821339338611153,240,240,240,3.194957420876444,13.171862154274264,14.751233296038553,27.886880312964944,40.54280635370295,53.68883893160664,49.96965324430055,55.67731444759206,1.0,1.0,1.0,57.3523,11.8608,15.8624,8.0,4504650.0,0.0,56.0,26.2577,0.5689,126.9534,697.9616,734.0,357878.8776611369,238.0,1033.0,229.7367,1.0378,81.8683,968.1832,972.0,556744.4259602459,838.0,1081.0,73.7936,1.5985,32.6509,1008.1261,1008.0,611496.6967946435,950.0,1066.0,36.146,0.2095550724148771,0.5006389876481434,0.4940093650805676,0.881744887397549,eyes,up,50p,sub-001,,,,28.43024450235619
sub-001_acq-up_rec-steva75p_T1w,3.083597297297297,0.4256870597262502,0.4297,4360.9084,5.5538566666666656,5.03079,6.09049,5.54029,0.234511504303583,0.3652743434098313,0.4002141522865857,0.2345322072505951,0.1228828705847263,0.0,0.0004336166373019,9.007964596743134,8.807314116876649,8.849938984963819,240,240,240,3.252478263914329,13.359179547600313,14.907911369478404,28.112076296920566,41.64751497369486,54.90401841359773,51.16642091595845,56.94772936058276,1.0,1.0,1.0,61.0905,11.8608,15.4835,8.0,4506172.0,0.0,54.0,25.953,0.6528,128.4354,717.9601,754.0,356780.64349235455,254.0,1056.0,231.8229,1.0635,81.0223,991.0932,994.0,555720.3501807725,860.0,1106.0,74.4057,1.6361,33.0708,1031.3173,1031.0,608877.006744669,972.0,1090.0,36.6746,0.21036258835561,0.5018472832247279,0.4945439417871826,0.8841989710428878,eyes,up,75p,sub-001,,,,25.52777152775901
sub-001_acq-up_rec-steva95p_T1w,3.954262962962962,0.3401330005159304,0.4324,3492.2788,6.452176666666666,5.90366,6.9081,6.54477,0.2256199361612194,0.3796588549825992,0.3947212088561812,0.2404115796089172,0.1320183843374252,0.0,0.0005217697205356,9.326821483873758,9.105783034435122,9.150093981162296,240,240,240,3.93479820841445,15.18979751788399,15.52008903769413,27.435671386783948,44.57499281667341,54.57260582760016,51.7371870362876,56.06396246458924,1.0,1.0,1.0,93.4609,11.8608,15.5037,8.0,4489789.0,0.0,53.0,26.4944,1.8213,97.2418,777.7192,807.0,331280.68544072425,365.0,1065.0,205.0928,0.6557,75.8808,988.0742,988.0,557458.0325313226,878.0,1092.0,65.0436,3.8356,30.8843,1015.8284,1015.0,579574.2825422499,957.0,1076.0,36.9956,0.2252077911506473,0.5229955939986154,0.5073182147870225,0.8820812699210325,eyes,up,95p,sub-001,,,,24.51801371239964
sub-001_acq-up_rec-stevafull_T1w,3.473414705882353,0.3912498513768551,0.4354,3800.5438,5.2594433333333335,4.77955,5.83175,5.16703,0.2318142257852198,0.3670384891410592,0.4011472850737209,0.2556219696998596,0.1394103810191154,0.0,0.0004444774660604,8.955463503591792,8.751332006522038,8.79398457145718,240,240,240,3.182002968780092,13.429052064178451,14.906243577932385,28.107675700838605,37.06911147083951,48.60717927964386,45.3176025001124,50.276516749853855,1.0,1.0,1.0,59.0821,13.3434,17.0129,9.0,4488187.0,0.0,60.0,28.1034,0.6112,124.5263,715.7928,755.0,354662.5521641467,230.0,1056.0,237.2716,0.7768,85.3848,985.906,990.0,561547.967387687,855.0,1099.0,73.7207,1.5496,32.7113,1023.9945,1024.0,613732.480981482,965.0,1083.0,36.4313,0.2136171091540379,0.5029049362680551,0.4954400379545088,0.8803303667219938,eyes,up,full,sub-001,,,,27.256616986843987
sub-001_rec-stevaFull_T1w,2.8632243243243245,0.4559310651504639,0.4242,5894.967,5.878366666666667,5.23074,6.64935,5.75501,0.2349289285885064,0.3566532285710733,0.4084178428404201,0.2205363512039184,0.1114211603999137,0.0,0.0003811323261477,8.969177108256472,8.778402832511222,8.817666589392232,240,240,240,3.1369720542677078,13.940164996731554,16.245215491766526,31.658509424300316,44.33427830969157,59.863455464872,55.43814746509509,62.1167086207217,1.0,1.0,1.0,64.7281,10.7578,14.2225,8.0,4503051.0,0.0,48.0,23.9843,0.2679,140.4833,688.2315,728.0,359264.1244165669,228.0,1028.0,232.0706,1.1273,75.2022,977.652,983.0,545410.5233134625,850.0,1083.0,70.5156,0.7599,30.7371,1019.9823,1020.0,624571.3526458619,968.0,1072.0,32.2188,0.1997612714767405,0.483304602071215,0.4866345846961569,0.9011623241364846,eyes,none,woBin,sub-001,,,,24.79202939647281
sub-002_acq-down_rec-steva50p_T1w,2.564265,0.4878268210881085,0.4152,6221.2656,4.7938133333333335,4.57068,5.00896,4.8018,0.2243840442381743,0.3649598404462998,0.4106561153155257,0.2520377933979034,0.1214991465210914,0.0,0.0002494348898955,9.84479410554931,9.65454199441674,9.697363966585606,240,240,240,3.0343582390498267,13.013243499923773,15.06096032759148,29.135279243800834,44.81960686824305,59.149255824709485,55.21438893064308,61.6743040989767,1.0,1.0,1.0,28.6054,10.3782,12.8136,7.0,4619773.0,0.0,49.0,20.3572,0.3793,116.6234,671.085,710.0,312528.15530707315,176.0,1000.0,233.9865,1.5612,71.7919,932.7207,937.0,508325.9198892754,805.0,1043.0,72.0035,0.8206,30.7787,977.2099,977.0,571972.9253515935,923.0,1031.0,33.5332,0.2203476566105713,0.4935858158885382,0.496891328059325,0.8929778443620586,eyes,down,50p,sub-002,,,,22.125464067808363
sub-002_acq-down_rec-steva75p_T1w,2.432640476190476,0.5032993072202455,0.4126,6341.7801,5.06959,4.81453,5.27998,5.11426,0.2251863598193184,0.3655312924142644,0.4092823477664171,0.2394611537456512,0.1134344607591628,0.0,0.0002654386381818,9.866836270061388,9.67560836746776,9.717867423802373,240,240,240,3.078959957300406,13.12019329828132,15.017159169485453,28.85232425287463,45.95587859166329,60.66428478926981,56.64524961939449,63.31558547725039,1.0,1.0,1.0,27.6625,10.3782,12.6158,7.0,4612121.0,0.0,47.0,19.7577,0.3339,122.4128,687.0781,728.0,313005.43725921307,195.0,1023.0,236.4431,1.6394,70.366,957.6789,961.0,508082.6481046776,828.0,1070.0,73.2458,0.5131,31.8049,1003.4326,1003.0,568895.9150451815,947.0,1060.0,34.7632,0.2182916054544025,0.4950039824908502,0.4976002243333113,0.8954809338269586,eyes,down,75p,sub-002,,,,20.24138547947345
sub-002_acq-down_rec-steva95p_T1w,2.851572222222222,0.4480910766714928,0.4149,4046.1468,6.108246666666666,5.92514,6.25525,6.14435,0.230354273821099,0.3712587088624445,0.3983870173164563,0.2415819764137268,0.1105165109038353,0.0,0.000112023522036,10.142095905975438,9.940213738914668,9.98402856155156,240,240,240,3.6092999889639454,13.706548113610587,15.031044155744944,27.777284364660304,46.83964548765682,60.22240134127305,56.51899720568113,62.49494478811354,1.0,1.0,1.0,23.8218,10.3782,12.9031,7.0,4613209.0,0.0,44.0,18.439,0.8611,112.2432,713.4047,742.0,311487.81339727296,312.0,1013.0,205.5797,1.1705,71.4979,953.116,954.0,502020.4813654536,834.0,1064.0,69.6017,1.2436,31.1587,990.341,990.0,538703.7056066915,933.0,1048.0,35.6406,0.2170321306117373,0.5115977227665474,0.5023581292056655,0.8884882640627341,eyes,down,95p,sub-002,,,,19.32214010138905
sub-002_acq-down_rec-stevafull_T1w,2.462519047619048,0.5038394231743127,0.4154,6044.3003,4.64806,4.45937,4.8654,4.61941,0.2247635534802724,0.3630322040155438,0.4122042425041837,0.2533369064331054,0.1217274323105812,0.0,0.000303001867351,9.820860191296044,9.632635922088562,9.675457194693603,240,240,240,2.971401261963309,12.767555061511484,14.918845700802178,29.01758077893174,44.630228247673,59.21238203156617,55.2354309995953,61.86368271954674,1.0,1.0,1.0,27.3178,10.3782,12.9712,7.0,4620244.0,0.0,49.0,20.2688,0.2984,118.1799,665.6546,707.0,313822.0659280019,162.0,1001.0,237.9345,1.7228,72.0509,933.2746,938.0,506877.1804791442,802.0,1044.0,73.4674,0.8594,31.3749,979.7964,980.0,575532.7541495906,925.0,1034.0,33.7726,0.2192523407709767,0.4904316545995481,0.4959786326042285,0.8936380266851104,eyes,down,full,sub-002,,,,28.562321186525324
sub-002_acq-left_rec-steva50p_T1w,2.493921428571429,0.500168115343423,0.4133,6536.881,4.779240000000001,4.55497,5.00826,4.77449,0.2259829518178304,0.3633954814159613,0.4106215667662083,0.2418047934770584,0.1150742299854755,0.0,0.0003030647645422,9.83251886935733,9.643454797452003,9.686114888745475,240,240,240,2.993329729206472,12.807270881711302,14.837449607044633,28.711748210216115,45.00898548881308,59.78051789327629,55.74044065444875,62.43181858125687,1.0,1.0,1.0,27.3115,10.3782,12.6419,7.0,4623020.0,0.0,48.0,19.9319,0.2977,120.2451,672.0557,713.0,315164.8640396418,170.0,1010.0,238.1959,1.7162,72.8315,942.2382,947.0,506805.87438917166,810.0,1055.0,73.9423,0.7616,31.9132,988.9741,989.0,572669.2620863703,933.0,1044.0,34.4458,0.2176467234157293,0.4917007144887823,0.4961260674491216,0.8941752579588514,eyes,left,50p,sub-002,,,,23.47701638865364
sub-002_acq-left_rec-steva75p_T1w,2.4988170731707315,0.4956751384260748,0.4133,6363.5167,5.021626666666667,4.75206,5.25563,5.05719,0.2246654805431243,0.364884671542099,0.4104498479147765,0.2451586574316024,0.1166113451123237,0.0,0.0002862605451458,9.864258720998327,9.672659604924227,9.714735135703128,240,240,240,3.049080265610431,13.02878272530874,14.928768605752966,28.708442826339727,52.58413031161472,69.67029030082287,64.98141593596834,72.68982719546742,1.0,1.0,1.0,26.4503,8.8956,12.4988,6.0,4631916.0,0.0,48.0,19.6946,0.3254,121.1497,674.8579,714.0,312359.60700713005,186.0,1007.0,234.1686,1.6291,70.7909,942.5493,946.0,507310.8353374222,814.0,1054.0,72.6084,0.8135,31.6606,987.4901,987.0,570661.5581568461,932.0,1043.0,34.3801,0.2194824933348155,0.4953376317217509,0.497763786204359,0.8937063374940006,eyes,left,75p,sub-002,,,,20.44228419856256
sub-002_acq-left_rec-steva95p_T1w,2.9422771428571437,0.4400205723600846,0.4127,4419.6067,5.9401633333333335,5.79842,6.1339,5.88817,0.2292706178067938,0.3727905764569059,0.3979388057363001,0.2325992435216903,0.1051170855760574,0.0,0.0001250820877185,10.240592723048248,10.037942989712343,10.083189519468531,240,240,240,3.724678256404988,13.856422962399716,15.082875921128386,27.66752654458045,47.78653859050702,60.159275134416376,56.77150203310786,62.36869237440018,1.0,1.0,1.0,21.9424,10.3782,12.4363,7.0,4635725.0,0.0,44.0,17.9296,1.1771,102.1141,727.5184,757.0,306912.88334627915,322.0,1019.0,203.2387,1.2483,71.9612,951.637,953.0,499035.7325295268,834.0,1061.0,68.7767,1.5917,31.0185,988.043,988.0,532700.384516012,931.0,1046.0,35.7097,0.2181747530938249,0.5104084253856468,0.5009700139318859,0.888344247128018,eyes,left,95p,sub-002,,,,21.858765390361736
sub-002_acq-left_rec-stevafull_T1w,2.455379069767442,0.5068666101451049,0.4126,6635.1368,4.6559800000000005,4.46781,4.88006,4.62007,0.2250438117441079,0.3620644304856595,0.4128917577702325,0.2357716485857963,0.1115432672202587,0.0,0.0002962887483367,9.82845117238681,9.641096518782854,9.684066545246989,240,240,240,2.956409479007293,12.61096680154284,14.779169048441224,28.770130864773535,46.21957761945095,61.75666727118727,57.51334446714164,64.56378851078671,1.0,1.0,1.0,26.9075,10.0355,12.5925,7.0,4624002.0,0.0,48.0,19.7019,0.2851,121.628,668.514,708.0,313982.0264228573,164.0,1009.0,239.4793,1.7235,73.544,941.045,946.0,505153.7418357896,807.0,1054.0,75.014,0.7489,32.0373,988.9444,989.0,576068.2321956245,933.0,1044.0,34.3759,0.2205564909101682,0.4900016879457194,0.4958023526392371,0.8938871298189114,eyes,left,full,sub-002,,,,25.45800271813353
sub-002_acq-right_rec-steva50p_T1w,2.2997568181818178,0.5258390949700573,0.4131,6343.2922,4.804736666666667,4.57929,5.02258,4.81234,0.2258640488079951,0.3631531643250082,0.4109827868669965,0.2421801537275314,0.1148320034146309,0.0,0.0002616679615219,9.829863270275885,9.64285835096757,9.685612049466997,240,240,240,2.978871719873662,12.777713225184115,14.895529441263532,28.930003378732813,44.75648066138637,59.52801306584957,55.53001996492648,62.3055661675435,1.0,1.0,1.0,26.9029,10.3782,12.592,7.0,4624312.0,0.0,48.0,19.7787,0.2725,120.977,667.8253,709.0,315097.2880006917,167.0,1005.0,238.0092,1.8418,69.5255,938.9647,943.0,506625.9008973769,807.0,1051.0,73.8003,0.8717,31.6638,986.6767,987.0,573351.8115884091,931.0,1042.0,34.1168,0.2170569112339861,0.4904827225602275,0.4952971231584115,0.8955158748958322,eyes,right,50p,sub-002,,,,25.14163897503915
sub-002_acq-right_rec-steva75p_T1w,2.304686363636364,0.5245349041185784,0.4121,6443.0293,5.07237,4.78884,5.30532,5.12295,0.2257582527425472,0.3634655371384548,0.4107762101189978,0.2407321482896804,0.1128885596990585,0.0,0.0002795095175585,9.840994315367288,9.653252990038387,9.695665417791613,240,240,240,3.0084124224203226,12.797537164422488,14.778700604953414,28.530152228017432,52.21589410495076,69.67029030082287,64.93231777507981,72.9107689194658,1.0,1.0,1.0,25.8616,8.8956,12.2473,6.0,4614550.0,0.0,46.0,19.1879,0.2208,123.5149,669.2764,709.0,314624.1511540543,182.0,1007.0,235.6721,1.8612,69.0408,942.0952,946.0,506537.5670954908,810.0,1055.0,73.9204,0.5279,32.3654,990.2046,990.0,572471.2822363728,934.0,1046.0,34.7001,0.2180659402100912,0.4925453468370347,0.4963900375164558,0.8963361262869642,eyes,right,75p,sub-002,,,,19.562259036148205
sub-002_acq-right_rec-steva95p_T1w,3.0946393939393944,0.4203257161122418,0.4167,3865.3186,5.996076666666667,5.81136,6.14612,6.03075,0.2277529568773262,0.3747819823210679,0.3974650608016058,0.2512970417737961,0.1169862113893031,0.0,0.0001554471370636,10.204152241171473,10.000664761973937,10.045439628204376,240,240,240,3.682137599459247,13.967559507675032,15.241739856000647,28.07552246086767,47.34465514251026,59.7173916864196,56.28753444720664,61.80055651269006,1.0,1.0,1.0,27.4098,10.3782,12.8963,7.0,4628849.0,0.0,45.0,18.9961,1.2206,102.7158,722.381,750.0,305983.3646193561,315.0,1012.0,203.6857,1.0784,72.6097,945.1409,946.0,503515.09601291583,831.0,1054.0,67.7283,2.2898,29.5134,979.3533,979.0,533989.5397635553,923.0,1035.0,34.8702,0.2199776561473882,0.5106818533278589,0.5006221484068125,0.8835049820810064,eyes,right,95p,sub-002,,,,19.00274780612512
sub-002_acq-right_rec-stevafull_T1w,2.358225,0.5208425978208082,0.4131,6400.0,4.666966666666667,4.46701,4.8924,4.64149,0.2256647300633945,0.3614245667661784,0.412910703170427,0.2430292516946792,0.1140852130949497,0.0,0.0002966418039623,9.821427897445604,9.634417932032292,9.676837091939696,240,240,240,2.9308252551275165,12.591476750031436,14.73630066307082,28.68659998405351,44.25147100653293,59.33863444527953,55.2354309995953,62.11618754697346,1.0,1.0,1.0,25.9514,10.3782,12.6306,7.0,4624041.0,0.0,48.0,19.6685,0.1968,122.9748,660.0825,701.0,315106.494601042,159.0,1001.0,239.1814,1.8302,71.5721,935.4231,940.0,504674.47112536005,802.0,1048.0,74.6536,0.6822,32.1898,983.8056,984.0,576567.0347454537,928.0,1039.0,34.3017,0.218346513777273,0.4891545227823027,0.4951208235575308,0.8962846558529312,eyes,right,full,sub-002,,,,26.42659655832163
sub-002_acq-up_rec-steva50p_T1w,2.5247585365853658,0.4927760796738349,0.4144,6257.4185,4.74087,4.53758,4.9429,4.74213,0.2252663911207245,0.3638067623142781,0.4109268465649972,0.249345451593399,0.1189961530268192,0.0,0.0002698156369012,9.846426825219634,9.65602683350814,9.6985065396918,240,240,240,3.0166771893731736,12.916507400611124,14.89334314058393,28.746844831767493,44.94585928195641,59.59113927270624,55.57210410283093,62.179313753830144,1.0,1.0,1.0,27.1445,10.3782,12.7915,7.0,4621660.0,0.0,49.0,20.178,0.3448,119.2964,672.5778,712.0,313724.4482175368,175.0,1007.0,236.0209,1.7146,71.9493,939.5037,944.0,506667.12951284565,809.0,1051.0,73.0847,0.8765,31.5658,985.274,985.0,572290.4227079602,930.0,1041.0,34.2646,0.2205519770632786,0.49233703867693,0.4969654350385855,0.8940843295143875,eyes,up,50p,sub-002,,,,24.874529778803915
sub-002_acq-up_rec-steva75p_T1w,2.436988095238095,0.506290277768899,0.4124,6669.8585,5.010656666666667,4.7316,5.22377,5.0766,0.2247611582539665,0.3641759409263044,0.4110629008197292,0.2421984225511551,0.1153346985578536,0.0,0.0002642254484754,9.84513849352265,9.655540877911555,9.697777783730992,240,240,240,3.025885522141784,12.90102183257917,14.873037162999225,28.692204134276714,52.21589410495076,69.3757013354917,64.68682697063717,72.46888547146904,1.0,1.0,1.0,26.6619,8.8956,12.2285,6.0,4624165.0,0.0,46.0,19.3409,0.2762,120.6529,668.8169,709.0,313095.2154396954,182.0,1002.0,234.3112,1.656,70.6151,937.5244,942.0,507301.8201545187,807.0,1049.0,73.0174,0.4091,31.7384,983.8033,984.0,572615.9648367444,928.0,1039.0,34.295,0.2193692081582126,0.4932385703726525,0.4970297740564066,0.8961966386247787,eyes,up,75p,sub-002,,,,20.63512602960783
sub-002_acq-up_rec-steva95p_T1w,3.0234666666666667,0.430507608909729,0.4127,4578.344,5.91398,5.65686,6.08869,5.99639,0.2301807535306009,0.3710441878667652,0.3987750586026337,0.2355887740850448,0.1071665525436401,0.0,0.0001837213126372,10.154393322496713,9.950660018112172,9.994446244027332,240,240,240,3.5645830549915654,13.377056067545594,14.682938421151915,27.107176140918583,47.59715996993698,61.29554685783661,57.48693237748356,63.56809030467711,1.0,1.0,1.0,23.9693,10.3782,12.5888,7.0,4632152.0,0.0,44.0,18.5414,0.8563,113.0062,724.8003,754.0,310842.3045339268,308.0,1032.0,211.5251,1.1326,76.019,969.8889,971.0,501068.0896267525,845.0,1085.0,72.5869,1.3552,32.8258,1007.0459,1007.0,538516.6062123227,948.0,1067.0,37.1488,0.2178655073877583,0.5082748545976002,0.4977044779114051,0.8814635638053177,eyes,up,95p,sub-002,,,,20.865174750361888
sub-002_acq-up_rec-stevafull_T1w,2.3246068181818185,0.5234762640934779,0.4127,6616.6055,4.63347,4.44947,4.84929,4.60165,0.2254383530372761,0.361922773818654,0.4126388731440699,0.2392277270555496,0.1135054118931293,0.0,0.0002873494989661,9.824624282588642,9.637900775805068,9.680876698868286,240,240,240,2.9607253626754284,12.66666669270723,14.852767591388451,28.93091071878269,46.24245649957009,61.634775589370335,57.46465793525423,64.5167417168223,1.0,1.0,1.0,26.4851,10.0022,12.5694,7.0,4623725.0,0.0,48.0,19.6698,0.2737,120.4688,665.3953,706.0,314656.03223930905,162.0,1004.0,238.4547,1.8669,70.6654,936.4663,941.0,505154.4355808541,803.0,1049.0,74.2894,0.9106,31.6173,984.4851,985.0,575941.5326714338,929.0,1039.0,34.0466,0.2187978440216675,0.4891278049632196,0.4954870248399879,0.895270814973867,eyes,up,full,sub-002,,,,26.70617883741833
sub-002_rec-stevaFull_T1w,2.161590909090909,0.5512798897740563,0.4083,8360.7134,5.011246666666668,4.75975,5.30188,4.97211,0.2233158361061768,0.3528623345685285,0.4238218293252946,0.22224161028862,0.1029165983200073,0.0,0.0004190538355775,9.82966980618859,9.656339909820025,9.69707699589316,240,240,240,2.928798081560032,13.1345447767213,16.308715917747495,32.86280489496116,51.33212720895723,69.3757013354917,64.44133616619452,72.61617995413462,1.0,1.0,1.0,25.863,8.8956,11.693,6.0,4627448.0,0.0,44.0,18.0683,0.2102,125.8094,654.5612,697.0,311719.6529400982,152.0,992.0,237.9812,1.8444,65.6039,934.9556,942.0,492549.5942662892,804.0,1040.0,71.7192,0.7537,29.5061,986.167,986.0,591599.7532880032,938.0,1034.0,30.0035,0.2125487584553238,0.471607121532557,0.4888486951629638,0.9133692993544108,eyes,none,woBin,sub-002,,,,24.03078464375637
sub-003_acq-down_rec-steva50p_T1w,2.803,0.413174685837391,0.4977,1013.4641,5.733,5.10868,6.41755,5.67277,0.2288685259712043,0.3650535328674736,0.4060779411613221,0.3229545056819916,0.1929920524358749,0.0,0.0003889015650499,8.355212124968912,8.158385455755193,8.19923399598086,240,240,240,2.8182352861947457,12.544557442108452,14.284250181643388,27.48995781662696,21.046728255270697,28.891148772354715,26.68089695370463,30.104813833488468,1.0,1.0,1.0,36.0529,22.1318,30.926,18.0,4025089.0,0.0,94.0,49.2445,-0.0409,145.9107,667.9555,711.0,375326.7597974101,161.0,1033.0,252.2852,1.4369,82.1882,971.3845,976.0,598659.6849100391,834.0,1091.0,77.8026,1.6946,32.7348,1017.4354,1017.0,665936.5556470552,957.0,1078.0,36.9953,0.2017120588206943,0.4870268953321055,0.478679617787645,0.8818399114713592,eyes,down,50p,sub-003,,,,23.17740690186118
sub-003_acq-down_rec-steva75p_T1w,3.045158333333333,0.3711109926897767,0.5009,997.9621,5.962330000000001,5.26985,6.67576,5.94138,0.2228248403183909,0.3725348328893529,0.4046403267922561,0.3354875147342682,0.2104593746364116,0.0,0.0003945061770255,8.412843248933996,8.206016347257453,8.245714941717974,240,240,240,2.978879320555506,13.662005697767304,14.868627168902409,27.96499648838441,21.14630797350375,27.88368588206318,25.97759297235869,28.902785061509142,1.0,1.0,1.0,37.0472,23.1429,32.6498,19.0,4019259.0,0.0,99.0,53.6574,0.2185,131.5729,700.6445,747.0,362870.6982180206,178.0,1051.0,250.7651,1.4322,78.0362,981.9621,985.0,606673.7206136162,856.0,1094.0,72.0977,3.2044,31.5895,1021.0158,1021.0,658957.581661308,962.0,1080.0,36.5099,0.2080489097855624,0.4981801460942786,0.4867310032260923,0.880667672887659,eyes,down,75p,sub-003,,,,22.082542192691665
sub-003_acq-down_rec-steva95p_T1w,4.607032,0.2579303178569995,0.5048,917.8976,6.831273333333333,6.05953,7.55684,6.87745,0.2147197003080213,0.387684444175106,0.3975958555168726,0.3436188548803329,0.2227930709719657,0.0,0.0004156574921091,8.702550042807724,8.47631062365049,8.520695096719626,240,240,240,3.530433859437545,14.19872073455184,14.44558913473592,25.60761281021838,20.24137367859112,24.80208825427368,23.49536666236463,25.442638054229093,1.0,1.0,1.0,35.7177,25.5693,33.9088,19.0,4027004.0,0.0,107.0,56.9473,0.9243,100.4474,752.0349,790.0,337591.3311793473,272.0,1054.0,223.7682,0.2771,84.2184,967.2428,968.0,609533.7661092579,853.0,1079.0,68.1751,2.8111,30.9574,993.9126,993.0,625116.9033059528,932.0,1058.0,38.7775,0.2210371117586701,0.5223727888926223,0.4991093631061848,0.8688557435748719,eyes,down,95p,sub-003,,,,17.035097628558294
sub-003_acq-down_rec-stevafull_T1w,2.704640476190476,0.4231564549381329,0.497,1012.5477,5.594936666666666,5.02284,6.25631,5.50566,0.2319100831510464,0.3638293430222096,0.4042605738267439,0.3191866278648376,0.1895313456654548,0.0,0.0003806323485785,8.34016530247374,8.144748929628095,8.185935201862499,240,240,240,2.804213324405045,12.517558327638982,14.28207437685307,27.524451478515186,21.137375259955675,29.127243482336663,26.881335250672358,30.379387009724727,1.0,1.0,1.0,36.0867,21.9749,30.7501,18.0,4036299.0,0.0,93.0,48.8766,-0.0622,148.2469,665.6568,709.0,381001.1332378565,158.0,1032.0,252.8335,1.6412,80.7313,972.0949,977.0,597729.042709893,834.0,1091.0,78.0503,1.9553,32.8636,1019.2041,1019.0,664152.8244852453,959.0,1079.0,37.0216,0.197805979173694,0.4855391607578156,0.4784616692563292,0.8821134729375568,eyes,down,full,sub-003,,,,25.44722253411517
sub-003_acq-left_rec-steva50p_T1w,2.655204761904762,0.4291314788771509,0.4968,1002.8131,5.720586666666667,5.11975,6.40388,5.63813,0.2309696581905488,0.3637336090135572,0.4052967327958939,0.3136460185050964,0.184785372018814,0.0,0.0003898908483642,8.349589527716267,8.15400907189813,8.194612991517758,240,240,240,2.81186767563172,12.536311195709413,14.259002912676792,27.428829866689245,20.944887844466,28.91110587077999,26.673404177995163,30.164218818739496,1.0,1.0,1.0,35.3488,21.9579,30.1586,18.0,4028513.0,0.0,91.0,47.3897,-0.0884,148.1462,658.9639,702.0,379072.0225127232,161.0,1023.0,249.6558,1.7719,78.8739,964.108,969.0,596966.8739383505,826.0,1082.0,77.2954,3.3159,32.6447,1011.1063,1011.0,665181.1039698938,951.0,1071.0,36.859,0.1984896222732423,0.4851413902240464,0.4776377821146231,0.8849559624742162,eyes,left,50p,sub-003,,,,22.3803346150199
sub-003_acq-left_rec-steva75p_T1w,2.827463157894737,0.3976663278603278,0.4992,996.2765,5.911080000000001,5.23131,6.62912,5.87281,0.2253817014491994,0.3706345182116595,0.4039837803391411,0.3223660886287689,0.1975777491927146,0.0,0.0003781395710596,8.39408732822414,8.191954344430712,8.232146804810965,240,240,240,2.9268095794671463,13.346237434982823,14.749593382351913,27.97573313260577,21.354108114651567,28.491726095202228,26.48457700602131,29.607896808210143,1.0,1.0,1.0,36.2841,22.3041,31.2808,18.0,4011612.0,0.0,94.0,50.5041,0.1307,135.6421,681.9264,727.0,367867.7878329735,169.0,1031.0,248.393,1.5713,76.2523,966.8608,970.0,604949.2901702797,840.0,1080.0,72.6796,3.5609,31.1913,1008.1507,1008.0,659381.9224816647,949.0,1067.0,36.0312,0.2028417900683098,0.4923930343559874,0.4824829090249397,0.8818418564855972,eyes,left,75p,sub-003,,,,20.15837892546147
sub-003_acq-left_rec-steva95p_T1w,4.2836,0.2780027036561838,0.5041,1001.6552,6.651386666666667,5.93589,7.33821,6.68006,0.2152741174802952,0.3862217752911069,0.3985041072285978,0.3441381454467773,0.2251197695732116,0.0,0.0004452509056243,8.603877263106831,8.382878078682266,8.426211193194211,240,240,240,3.3282462600875853,13.99375056766101,14.588264569861666,26.442796881836404,20.95996805605816,26.13260798763036,24.65086217389874,26.86001047800769,1.0,1.0,1.0,38.4205,24.3176,33.007,18.0,4016180.0,0.0,105.0,56.6231,0.6164,106.1717,736.7637,778.0,342451.3927530446,241.0,1052.0,233.7564,0.4108,85.0829,968.9801,970.0,614389.6275505549,852.0,1081.0,69.3166,3.0569,30.5743,997.5048,997.0,633927.9804537272,937.0,1059.0,37.704,0.2156894162041673,0.5173801897953053,0.4947336691384456,0.8686523291470646,eyes,left,95p,sub-003,,,,17.264333008168926
sub-003_acq-left_rec-stevafull_T1w,2.613309523809524,0.4327679943569703,0.4972,1008.1145,5.665356666666667,5.08278,6.35025,5.56304,0.2310770287368095,0.3626413338122312,0.4062816374509593,0.3186964094638824,0.1873787999153137,0.0,0.0003969463310106,8.332507928838703,8.13900575061576,8.179657446124454,240,240,240,2.79036391532932,12.527794555109589,14.37266696406831,27.79984242176603,20.72316157372913,28.68900113819726,26.45297599729392,29.946765279955383,1.0,1.0,1.0,36.1946,21.8767,30.1841,18.0,4027297.0,0.0,90.0,47.7185,-0.0953,147.4677,649.4478,692.0,380030.4369297838,154.0,1011.0,247.996,1.7886,77.7034,952.8752,958.0,596401.7509262204,817.0,1069.0,76.4699,2.7266,32.0556,1000.3037,1000.0,668172.8125078705,941.0,1059.0,35.9714,0.1974947852224508,0.4819883444962238,0.4762974339641184,0.8853828330439563,eyes,left,full,sub-003,,,,24.55122843069567
sub-003_acq-right_rec-steva50p_T1w,2.5064444444444445,0.4503891096719041,0.4953,1037.0529,5.673016666666666,5.08119,6.33912,5.59874,0.2338089637320619,0.361571519303996,0.4046195169639419,0.3123954832553863,0.1820051968097686,0.0,0.0003925953755317,8.334763119670379,8.142823586757089,8.184259914082482,240,240,240,2.7583849892888197,12.170975186572326,13.989219739851691,27.03829904369393,20.855233414558175,29.13731172019567,26.826731903043186,30.487650574375696,1.0,1.0,1.0,35.3933,21.8324,29.9673,18.0,4020775.0,0.0,91.0,46.9672,-0.1762,152.3645,652.4557,695.0,384403.2130900505,153.0,1023.0,251.9587,1.8277,79.2859,965.4473,971.0,594456.4808968778,824.0,1087.0,79.7799,2.3487,33.5041,1016.0039,1016.0,665231.3064358142,955.0,1077.0,37.5763,0.1956200688654183,0.4823466595857362,0.4755279294942368,0.8860027804644337,eyes,right,50p,sub-003,,,,24.425874962987063
sub-003_acq-right_rec-steva75p_T1w,2.5415209302325583,0.4406009376781035,0.4969,1052.7512,5.842333333333333,5.19661,6.52651,5.80388,0.2296487979488367,0.3647114450073181,0.4056397570438451,0.3184309750795364,0.1881420344114303,0.0,0.0003692684116195,8.36894467438494,8.173052018740847,8.21355938584012,240,240,240,2.84574800431985,12.644892548963975,14.310599321393326,27.441157410896157,20.98700460553481,28.745656449790594,26.58552094270533,30.023901772790587,1.0,1.0,1.0,35.6404,22.0387,30.1856,18.0,4037557.0,0.0,92.0,48.1841,-0.0231,143.983,663.1759,706.0,376019.5930927,164.0,1022.0,248.0891,1.8042,76.5734,963.0083,967.0,597166.849436135,828.0,1080.0,76.4735,2.5247,32.712,1009.8635,1010.0,664181.5578752997,950.0,1070.0,36.806,0.1996508151976555,0.4864947158225355,0.4794574526696273,0.8856909448758615,eyes,right,75p,sub-003,,,,22.131378925406693
sub-003_acq-right_rec-steva95p_T1w,4.212288888888889,0.2771896852883257,0.5076,890.9159,6.632316666666667,5.86538,7.37208,6.65949,0.2132728514749076,0.3859942410118716,0.4007329075132208,0.3610124886035919,0.2413181997835636,0.0,0.000391254808765,8.57878385940842,8.353381271656302,8.395274643274819,240,240,240,3.335031310398503,14.385935151410091,14.76974152809828,26.58825812248625,19.522131333618933,24.26605892232277,22.908285581053264,24.93666648721808,1.0,1.0,1.0,36.9397,26.3771,34.7673,19.0,3996534.0,0.0,106.0,58.7353,0.607,105.3034,742.9743,786.0,340325.46088963374,241.0,1060.0,235.6796,0.4504,83.0491,976.7103,977.0,615941.818495192,862.0,1086.0,67.9135,4.4382,30.6827,1004.0381,1004.0,639460.7213245116,943.0,1066.0,37.761,0.221985274666868,0.5199414206289696,0.4988631035733667,0.869643991800769,eyes,right,95p,sub-003,,,,15.93307063036902
sub-003_acq-right_rec-stevafull_T1w,2.378827659574468,0.4743273527111818,0.494,1073.6692,5.683063333333333,5.10012,6.37096,5.57811,0.2345137344913338,0.3582375139470149,0.4072487515616512,0.3077990710735321,0.1772136427462101,0.0,0.0003860416725216,8.328679187491616,8.14029999718206,8.181294239719904,240,240,240,2.733636227391602,12.034255584613833,14.095452570218749,27.51846589865081,20.544673378189547,29.09488303411255,26.718146309969047,30.51488251760506,1.0,1.0,1.0,35.0176,21.6841,29.3491,18.0,4033045.0,0.0,89.0,45.4736,-0.2557,156.667,638.8369,680.0,385933.1555467784,154.0,1010.0,248.7526,1.8685,78.5746,957.0138,963.0,589542.1626058902,814.0,1078.0,80.0215,1.6416,33.2303,1009.3158,1010.0,670198.6820668796,949.0,1069.0,36.7026,0.1946388510053981,0.4778552849567564,0.4735215863827194,0.8903534606202405,eyes,right,full,sub-003,,,,27.30674909312698
sub-003_acq-up_rec-steva50p_T1w,2.5989162790697677,0.4382947885514824,0.4964,1023.2775,5.675196666666667,5.08652,6.34831,5.59076,0.2316243399916063,0.3632142440867756,0.4051614159216181,0.3172436356544494,0.1861633017659187,0.0,0.000404821872777,8.355749857827975,8.16179852883187,8.20300051769526,240,240,240,2.819022062720052,12.464108470608323,14.285052941350534,27.57202829072322,20.982154797914127,28.902768788579717,26.690974693073095,30.18800049272545,1.0,1.0,1.0,36.1659,21.9189,29.98,18.0,4038946.0,0.0,91.0,47.5831,-0.0493,145.3095,659.0795,702.0,379832.1851254753,159.0,1021.0,249.0222,1.6352,79.1739,961.9959,967.0,595621.6000666302,824.0,1081.0,77.5827,1.8543,32.5795,1009.5899,1010.0,664409.2151265993,950.0,1069.0,36.6313,0.1988493134194674,0.4845517124315789,0.4776035704182658,0.8844576565537885,eyes,up,50p,sub-003,,,,25.02663184450856
sub-003_acq-up_rec-steva75p_T1w,2.7556000000000003,0.413806441063421,0.498,982.3092,5.8518333333333326,5.16637,6.57024,5.81889,0.2254724111099842,0.3683179038962878,0.4062096849937279,0.3185535669326782,0.1922782838344573,0.0,0.0003568431859529,8.397540601216612,8.199533580069508,8.240646479622024,240,240,240,2.885122309515845,12.8683734304754,14.560801013547028,27.92890730064984,21.131251726009697,28.39052735372096,26.362632542740887,29.56611854849201,1.0,1.0,1.0,36.1487,22.2913,30.5284,18.0,4014860.0,0.0,92.0,49.1044,0.078,134.8612,673.8031,719.0,367834.1132796453,160.0,1027.0,249.2092,1.4918,78.6241,961.9732,966.0,600871.2503571991,830.0,1078.0,75.0677,1.5007,31.5999,1005.8061,1006.0,662687.6368141855,947.0,1065.0,36.02,0.2046561507877552,0.4904903829391009,0.4820916628775614,0.8832120665354712,eyes,up,75p,sub-003,,,,19.92018233637401
sub-003_acq-up_rec-steva95p_T1w,3.5475625,0.3214784057090977,0.5047,913.6752,6.616226666666667,5.83638,7.33968,6.67262,0.220127896685572,0.3824027288248435,0.3974693744895844,0.3522877097129822,0.2259903043508529,0.0,0.0003967969597291,8.554930207188583,8.33902473472541,8.382133648263714,240,240,240,3.3053475098022616,13.87158448297926,14.556159739547615,26.491547225861325,20.064577702309784,25.29660682468424,23.82351124653997,26.109349212625897,1.0,1.0,1.0,35.2276,25.7946,34.1897,19.0,4001615.0,0.0,109.0,56.9823,0.6601,112.6158,749.2282,790.0,352217.18213423574,245.0,1077.0,239.0063,0.9481,81.8277,995.0541,996.0,611866.1633310226,873.0,1111.0,71.8014,3.6491,31.6943,1028.4028,1028.0,635973.6552034867,966.0,1092.0,38.8048,0.2117489313072532,0.5128751205437202,0.4919353412219254,0.8724283401795871,eyes,up,95p,sub-003,,,,19.556771725624326
sub-003_acq-up_rec-stevafull_T1w,2.657792857142857,0.4301396419390917,0.4973,1029.4541,5.670580000000001,5.08356,6.36386,5.56432,0.2319545532240644,0.3632620253084299,0.4047834214675056,0.3216985166072845,0.1906383126974105,0.0,0.0004120680561684,8.337950746573137,8.1426052341901,8.183161954710231,240,240,240,2.794140925945552,12.60336120548846,14.407226206669955,27.82417648857585,20.91302630798907,28.889852056893474,26.649170666751782,30.14463363537282,1.0,1.0,1.0,36.3187,21.9287,30.5672,18.0,4036011.0,0.0,92.0,48.2935,-0.0877,148.2749,656.4294,700.0,381229.6019236036,154.0,1020.0,250.5239,1.5066,79.4709,962.3561,967.0,597040.3916517181,826.0,1080.0,76.7255,2.5364,32.1564,1008.6115,1009.0,665283.0068925836,949.0,1068.0,36.2634,0.1965221637011283,0.484257616957151,0.4770361089334742,0.8847233236608083,eyes,up,full,sub-003,,,,27.28302435579683
sub-003_rec-stevaFull_T1w,2.14251875,0.5056493363910163,0.4892,1218.0613,6.23218,5.44122,7.13142,6.1239,0.2340097893805525,0.3512595876314185,0.4147306229880289,0.2903900593519211,0.1640477895736694,0.0,0.0004443969337936,8.31478874989499,8.137556068311335,8.176617287604873,240,240,240,2.70001225918205,12.37393457746018,15.228269533864289,30.610861764950627,21.67643905835642,31.12348414050578,28.49211541899386,32.676423058119376,1.0,1.0,1.0,35.6786,20.2497,28.127,17.0,4038072.0,0.0,84.0,43.3409,-0.376,166.2517,626.3349,670.0,385978.55479572574,147.0,999.0,248.1467,1.7921,72.2314,955.1505,962.0,579371.7790653454,814.0,1070.0,77.744,1.8365,30.6095,1010.3094,1010.0,684061.6664550258,956.0,1064.0,32.9948,0.1864756868823202,0.4591993755044165,0.4644427327403305,0.906230674535731,eyes,none,woBin,sub-003,,,,24.80511483201819
